valuation_date,us_code,option_code,strike_price,month,call_put,first_tradedate,last_tradedate,expiredate,multiplier,CLOSE,RT_SETTLE,wind_iv
8/26/2025,510500.SH,10008829.SH,4.8,202509,认购,1/23/2025 0:00,9/24/2025 0:00,29,10000,2.1988,2.248,0.4283
8/26/2025,510500.SH,10008830.SH,4.9,202509,认购,1/23/2025 0:00,9/24/2025 0:00,29,10000,2.1071,2.148,0.4191
8/26/2025,510500.SH,10008831.SH,5,202509,认购,1/23/2025 0:00,9/24/2025 0:00,29,10000,1.9989,2.048,0.3848
8/26/2025,510500.SH,10008832.SH,5.25,202509,认购,1/23/2025 0:00,9/24/2025 0:00,29,10000,1.7576,1.798,0.3435
8/26/2025,510500.SH,10008833.SH,5.5,202509,认购,1/23/2025 0:00,9/24/2025 0:00,29,10000,1.5004,1.548,0.37
8/26/2025,510500.SH,10008834.SH,5.75,202509,认购,1/23/2025 0:00,9/24/2025 0:00,29,10000,1.2641,1.298,0.3052
8/26/2025,510500.SH,10008835.SH,6,202509,认购,1/23/2025 0:00,9/24/2025 0:00,29,10000,1,1.048,0.2666
8/26/2025,510500.SH,10008836.SH,6.25,202509,认购,1/23/2025 0:00,9/24/2025 0:00,29,10000,0.7778,0.798,0.2697
8/26/2025,510500.SH,10008837.SH,6.5,202509,认购,1/23/2025 0:00,9/24/2025 0:00,29,10000,0.548,0.548,0.2461
8/26/2025,510500.SH,10008838.SH,4.8,202509,认沽,1/23/2025 0:00,9/24/2025 0:00,29,10000,0.0008,0.0008,0.4739
8/26/2025,510500.SH,10008839.SH,4.9,202509,认沽,1/23/2025 0:00,9/24/2025 0:00,29,10000,0.001,0.001,0.4607
8/26/2025,510500.SH,10008840.SH,5,202509,认沽,1/23/2025 0:00,9/24/2025 0:00,29,10000,0.0012,0.0012,0.4459
8/26/2025,510500.SH,10008841.SH,5.25,202509,认沽,1/23/2025 0:00,9/24/2025 0:00,29,10000,0.0015,0.0015,0.3968
8/26/2025,510500.SH,10008842.SH,5.5,202509,认沽,1/23/2025 0:00,9/24/2025 0:00,29,10000,0.0028,0.0028,0.3665
8/26/2025,510500.SH,10008843.SH,5.75,202509,认沽,1/23/2025 0:00,9/24/2025 0:00,29,10000,0.0038,0.0038,0.3205
8/26/2025,510500.SH,10008844.SH,6,202509,认沽,1/23/2025 0:00,9/24/2025 0:00,29,10000,0.0075,0.0075,0.291
8/26/2025,510500.SH,10008845.SH,6.25,202509,认沽,1/23/2025 0:00,9/24/2025 0:00,29,10000,0.0199,0.0199,0.2793
8/26/2025,510500.SH,10008846.SH,6.5,202509,认沽,1/23/2025 0:00,9/24/2025 0:00,29,10000,0.0399,0.0399,0.2521
8/26/2025,510500.SH,10008887.SH,6.75,202509,认购,1/27/2025 0:00,9/24/2025 0:00,29,10000,0.355,0.355,0.2452
8/26/2025,510500.SH,10008888.SH,6.75,202509,认沽,1/27/2025 0:00,9/24/2025 0:00,29,10000,0.0959,0.0959,0.2481
8/26/2025,510500.SH,10008903.SH,7,202509,认购,2/11/2025 0:00,9/24/2025 0:00,29,10000,0.2109,0.2109,0.25
8/26/2025,510500.SH,10008904.SH,7,202509,认沽,2/11/2025 0:00,9/24/2025 0:00,29,10000,0.2039,0.2039,0.2555
8/26/2025,510500.SH,10009047.SH,7.25,202509,认购,3/19/2025 0:00,9/24/2025 0:00,29,10000,0.1235,0.1235,0.2666
8/26/2025,510500.SH,10009048.SH,7.25,202509,认沽,3/19/2025 0:00,9/24/2025 0:00,29,10000,0.3585,0.3585,0.2624
8/26/2025,510500.SH,10009193.SH,4.7,202509,认购,4/8/2025 0:00,9/24/2025 0:00,29,10000,2.2984,2.348,0.4666
8/26/2025,510500.SH,10009194.SH,4.7,202509,认沽,4/8/2025 0:00,9/24/2025 0:00,29,10000,0.0009,0.0008,0.504
8/26/2025,510500.SH,10009253.SH,4.9,202512,认购,4/24/2025 0:00,12/24/2025 0:00,120,10000,1.9686,2.148,0.2023
8/26/2025,510500.SH,10009254.SH,5,202512,认购,4/24/2025 0:00,12/24/2025 0:00,120,10000,1.8807,2.048,0.2697
8/26/2025,510500.SH,10009255.SH,5.25,202512,认购,4/24/2025 0:00,12/24/2025 0:00,120,10000,1.6258,1.798,0.2564
8/26/2025,510500.SH,10009256.SH,5.5,202512,认购,4/24/2025 0:00,12/24/2025 0:00,120,10000,1.3985,1.548,0.2499
8/26/2025,510500.SH,10009257.SH,5.75,202512,认购,4/24/2025 0:00,12/24/2025 0:00,120,10000,1.1685,1.298,0.2426
8/26/2025,510500.SH,10009258.SH,6,202512,认购,4/24/2025 0:00,12/24/2025 0:00,120,10000,0.9511,1.048,0.2383
8/26/2025,510500.SH,10009259.SH,6.25,202512,认购,4/24/2025 0:00,12/24/2025 0:00,120,10000,0.749,0.798,0.2337
8/26/2025,510500.SH,10009260.SH,6.5,202512,认购,4/24/2025 0:00,12/24/2025 0:00,120,10000,0.5769,0.5769,0.2334
8/26/2025,510500.SH,10009261.SH,6.75,202512,认购,4/24/2025 0:00,12/24/2025 0:00,120,10000,0.4379,0.4379,0.2371
8/26/2025,510500.SH,10009262.SH,4.9,202512,认沽,4/24/2025 0:00,12/24/2025 0:00,120,10000,0.0091,0.0091,0.3005
8/26/2025,510500.SH,10009263.SH,5,202512,认沽,4/24/2025 0:00,12/24/2025 0:00,120,10000,0.0105,0.0105,0.2918
8/26/2025,510500.SH,10009264.SH,5.25,202512,认沽,4/24/2025 0:00,12/24/2025 0:00,120,10000,0.0164,0.0164,0.2744
8/26/2025,510500.SH,10009265.SH,5.5,202512,认沽,4/24/2025 0:00,12/24/2025 0:00,120,10000,0.0266,0.0266,0.2601
8/26/2025,510500.SH,10009266.SH,5.75,202512,认沽,4/24/2025 0:00,12/24/2025 0:00,120,10000,0.0441,0.0441,0.2482
8/26/2025,510500.SH,10009267.SH,6,202512,认沽,4/24/2025 0:00,12/24/2025 0:00,120,10000,0.0742,0.0742,0.2405
8/26/2025,510500.SH,10009268.SH,6.25,202512,认沽,4/24/2025 0:00,12/24/2025 0:00,120,10000,0.1239,0.1239,0.2363
8/26/2025,510500.SH,10009269.SH,6.5,202512,认沽,4/24/2025 0:00,12/24/2025 0:00,120,10000,0.1996,0.1996,0.2354
8/26/2025,510500.SH,10009270.SH,6.75,202512,认沽,4/24/2025 0:00,12/24/2025 0:00,120,10000,0.3069,0.3069,0.2369
8/26/2025,510500.SH,10009307.SH,4.8,202512,认购,4/25/2025 0:00,12/24/2025 0:00,120,10000,2.1034,2.248,0.2421
8/26/2025,510500.SH,10009308.SH,4.8,202512,认沽,4/25/2025 0:00,12/24/2025 0:00,120,10000,0.0077,0.0077,0.3081
8/26/2025,510500.SH,10009507.SH,7,202512,认购,6/26/2025 0:00,12/24/2025 0:00,120,10000,0.3291,0.3291,0.2429
8/26/2025,510500.SH,10009508.SH,7,202512,认沽,6/26/2025 0:00,12/24/2025 0:00,120,10000,0.4445,0.4445,0.2426
8/26/2025,510500.SH,10009545.SH,5,202508,认购,6/26/2025 0:00,8/27/2025 0:00,1,10000,2.0248,2.048,2.2098
8/26/2025,510500.SH,10009546.SH,5.25,202508,认购,6/26/2025 0:00,8/27/2025 0:00,1,10000,1.7746,1.798,1.9038
8/26/2025,510500.SH,10009547.SH,5.5,202508,认购,6/26/2025 0:00,8/27/2025 0:00,1,10000,1.52,1.548,1.2903
8/26/2025,510500.SH,10009548.SH,5.75,202508,认购,6/26/2025 0:00,8/27/2025 0:00,1,10000,1.289,1.298,1.2372
8/26/2025,510500.SH,10009549.SH,6,202508,认购,6/26/2025 0:00,8/27/2025 0:00,1,10000,1.0463,1.048,1.2401
8/26/2025,510500.SH,10009550.SH,6.25,202508,认购,6/26/2025 0:00,8/27/2025 0:00,1,10000,0.7945,0.798,0.8569
8/26/2025,510500.SH,10009551.SH,6.5,202508,认购,6/26/2025 0:00,8/27/2025 0:00,1,10000,0.544,0.548,0.6374
8/26/2025,510500.SH,10009552.SH,6.75,202508,认购,6/26/2025 0:00,8/27/2025 0:00,1,10000,0.2886,0.298,0.2431
8/26/2025,510500.SH,10009553.SH,7,202508,认购,6/26/2025 0:00,8/27/2025 0:00,1,10000,0.0648,0.0648,0.2271
8/26/2025,510500.SH,10009554.SH,5,202508,认沽,6/26/2025 0:00,8/27/2025 0:00,1,10000,0.0001,0.0001,1.6514
8/26/2025,510500.SH,10009555.SH,5.25,202508,认沽,6/26/2025 0:00,8/27/2025 0:00,1,10000,0.0001,0.0001,1.4296
8/26/2025,510500.SH,10009556.SH,5.5,202508,认沽,6/26/2025 0:00,8/27/2025 0:00,1,10000,0.0001,0.0001,1.2166
8/26/2025,510500.SH,10009557.SH,5.75,202508,认沽,6/26/2025 0:00,8/27/2025 0:00,1,10000,0.0001,0.0001,1.0113
8/26/2025,510500.SH,10009558.SH,6,202508,认沽,6/26/2025 0:00,8/27/2025 0:00,1,10000,0.0002,0.0001,0.8651
8/26/2025,510500.SH,10009559.SH,6.25,202508,认沽,6/26/2025 0:00,8/27/2025 0:00,1,10000,0.0001,0.0001,0.6193
8/26/2025,510500.SH,10009560.SH,6.5,202508,认沽,6/26/2025 0:00,8/27/2025 0:00,1,10000,0.0002,0.0002,0.4593
8/26/2025,510500.SH,10009561.SH,6.75,202508,认沽,6/26/2025 0:00,8/27/2025 0:00,1,10000,0.0009,0.0009,0.3139
8/26/2025,510500.SH,10009562.SH,7,202508,认沽,6/26/2025 0:00,8/27/2025 0:00,1,10000,0.0263,0.0263,0.2445
8/26/2025,510500.SH,10009613.SH,7.25,202508,认购,7/18/2025 0:00,8/27/2025 0:00,1,10000,0.0034,0.0034,0.2915
8/26/2025,510500.SH,10009614.SH,7.25,202508,认沽,7/18/2025 0:00,8/27/2025 0:00,1,10000,0.2132,0.2132,0.3123
8/26/2025,510500.SH,10009615.SH,7.25,202512,认购,7/18/2025 0:00,12/24/2025 0:00,120,10000,0.2474,0.2474,0.251
8/26/2025,510500.SH,10009616.SH,7.25,202512,认沽,7/18/2025 0:00,12/24/2025 0:00,120,10000,0.6093,0.6122,0.2535
8/26/2025,510500.SH,10009669.SH,5.25,202603,认购,7/24/2025 0:00,3/25/2026 0:00,211,10000,1.5518,1.798,0.2386
8/26/2025,510500.SH,10009670.SH,5.5,202603,认购,7/24/2025 0:00,3/25/2026 0:00,211,10000,1.3272,1.548,0.2318
8/26/2025,510500.SH,10009671.SH,5.75,202603,认购,7/24/2025 0:00,3/25/2026 0:00,211,10000,1.1606,1.298,0.2275
8/26/2025,510500.SH,10009672.SH,6,202603,认购,7/24/2025 0:00,3/25/2026 0:00,211,10000,0.928,1.048,0.2318
8/26/2025,510500.SH,10009673.SH,6.25,202603,认购,7/24/2025 0:00,3/25/2026 0:00,211,10000,0.7595,0.798,0.2301
8/26/2025,510500.SH,10009674.SH,6.5,202603,认购,7/24/2025 0:00,3/25/2026 0:00,211,10000,0.6061,0.6208,0.229
8/26/2025,510500.SH,10009675.SH,6.75,202603,认购,7/24/2025 0:00,3/25/2026 0:00,211,10000,0.488,0.488,0.2339
8/26/2025,510500.SH,10009676.SH,7,202603,认购,7/24/2025 0:00,3/25/2026 0:00,211,10000,0.3927,0.3927,0.24
8/26/2025,510500.SH,10009677.SH,7.25,202603,认购,7/24/2025 0:00,3/25/2026 0:00,211,10000,0.3153,0.3153,0.2451
8/26/2025,510500.SH,10009678.SH,5.25,202603,认沽,7/24/2025 0:00,3/25/2026 0:00,211,10000,0.0397,0.0397,0.2419
8/26/2025,510500.SH,10009679.SH,5.5,202603,认沽,7/24/2025 0:00,3/25/2026 0:00,211,10000,0.0639,0.0639,0.2358
8/26/2025,510500.SH,10009680.SH,5.75,202603,认沽,7/24/2025 0:00,3/25/2026 0:00,211,10000,0.1006,0.0999,0.2313
8/26/2025,510500.SH,10009681.SH,6,202603,认沽,7/24/2025 0:00,3/25/2026 0:00,211,10000,0.1553,0.1553,0.2298
8/26/2025,510500.SH,10009682.SH,6.25,202603,认沽,7/24/2025 0:00,3/25/2026 0:00,211,10000,0.2311,0.2311,0.2294
8/26/2025,510500.SH,10009683.SH,6.5,202603,认沽,7/24/2025 0:00,3/25/2026 0:00,211,10000,0.3231,0.3231,0.2259
8/26/2025,510500.SH,10009684.SH,6.75,202603,认沽,7/24/2025 0:00,3/25/2026 0:00,211,10000,0.4581,0.4584,0.2356
8/26/2025,510500.SH,10009685.SH,7,202603,认沽,7/24/2025 0:00,3/25/2026 0:00,211,10000,0.6077,0.6077,0.2385
8/26/2025,510500.SH,10009686.SH,7.25,202603,认沽,7/24/2025 0:00,3/25/2026 0:00,211,10000,0.7628,0.781,0.2448
8/26/2025,510500.SH,10009741.SH,7.5,202508,认购,7/29/2025 0:00,8/27/2025 0:00,1,10000,0.0006,0.0006,0.4174
8/26/2025,510500.SH,10009742.SH,7.5,202508,认沽,7/29/2025 0:00,8/27/2025 0:00,1,10000,0.4604,0.4604,0.5017
8/26/2025,510500.SH,10009743.SH,7.5,202509,认购,7/29/2025 0:00,9/24/2025 0:00,29,10000,0.0754,0.0754,0.2898
8/26/2025,510500.SH,10009744.SH,7.5,202509,认沽,7/29/2025 0:00,9/24/2025 0:00,29,10000,0.562,0.5614,0.2878
8/26/2025,510500.SH,10009745.SH,7.5,202512,认购,7/29/2025 0:00,12/24/2025 0:00,120,10000,0.1882,0.1882,0.2609
8/26/2025,510500.SH,10009746.SH,7.5,202512,认沽,7/29/2025 0:00,12/24/2025 0:00,120,10000,0.8034,0.8014,0.2622
8/26/2025,510500.SH,10009747.SH,7.5,202603,认购,7/29/2025 0:00,3/25/2026 0:00,211,10000,0.2555,0.2555,0.2522
8/26/2025,510500.SH,10009748.SH,7.5,202603,认沽,7/29/2025 0:00,3/25/2026 0:00,211,10000,0.9651,0.96,0.2517
8/26/2025,510500.SH,10009765.SH,7.75,202508,认购,8/18/2025 0:00,8/27/2025 0:00,1,10000,0.0001,0.0001,0.5069
8/26/2025,510500.SH,10009766.SH,7.75,202508,认沽,8/18/2025 0:00,8/27/2025 0:00,1,10000,0.7092,0.7092,0.6929
8/26/2025,510500.SH,10009767.SH,7.75,202509,认购,8/18/2025 0:00,9/24/2025 0:00,29,10000,0.0465,0.0465,0.3108
8/26/2025,510500.SH,10009768.SH,7.75,202509,认沽,8/18/2025 0:00,9/24/2025 0:00,29,10000,0.7591,0.7827,0.3142
8/26/2025,510500.SH,10009769.SH,7.75,202512,认购,8/18/2025 0:00,12/24/2025 0:00,120,10000,0.1466,0.1466,0.2725
8/26/2025,510500.SH,10009770.SH,7.75,202512,认沽,8/18/2025 0:00,12/24/2025 0:00,120,10000,1.01,1.01,0.2714
8/26/2025,510500.SH,10009771.SH,7.75,202603,认购,8/18/2025 0:00,3/25/2026 0:00,211,10000,0.2027,0.2089,0.257
8/26/2025,510500.SH,10009772.SH,7.75,202603,认沽,8/18/2025 0:00,3/25/2026 0:00,211,10000,1.1861,1.1596,0.2643
8/26/2025,510500.SH,10009825.SH,8,202508,认购,8/25/2025 0:00,8/27/2025 0:00,1,10000,0.0001,0.0001,0.6526
8/26/2025,510500.SH,10009826.SH,8,202508,认沽,8/25/2025 0:00,8/27/2025 0:00,1,10000,0.9644,0.9644,0.7102
8/26/2025,510500.SH,10009827.SH,8,202509,认购,8/25/2025 0:00,9/24/2025 0:00,29,10000,0.0305,0.0305,0.3341
8/26/2025,510500.SH,10009828.SH,8,202509,认沽,8/25/2025 0:00,9/24/2025 0:00,29,10000,1.0154,1.0154,0.324
8/26/2025,510500.SH,10009829.SH,8,202512,认购,8/25/2025 0:00,12/24/2025 0:00,120,10000,0.1156,0.1156,0.2838
8/26/2025,510500.SH,10009830.SH,8,202512,认沽,8/25/2025 0:00,12/24/2025 0:00,120,10000,1.1989,1.2247,0.2889
8/26/2025,510500.SH,10009831.SH,8,202603,认购,8/25/2025 0:00,3/25/2026 0:00,211,10000,0.1693,0.1693,0.2658
8/26/2025,510500.SH,10009832.SH,8,202603,认沽,8/25/2025 0:00,3/25/2026 0:00,211,10000,1.36,1.3701,0.2618
8/26/2025,000016.SH,HO2509-C-2000.CFE,2000,202509,认购,9/23/2024 0:00,9/19/2025 0:00,24,100,975.4,974.8,0.7691
8/26/2025,000016.SH,HO2509-C-2050.CFE,2050,202509,认购,9/23/2024 0:00,9/19/2025 0:00,24,100,945.8,924.8,0
8/26/2025,000016.SH,HO2509-C-2100.CFE,2100,202509,认购,9/23/2024 0:00,9/19/2025 0:00,24,100,885.4,874.6,0
8/26/2025,000016.SH,HO2509-C-2150.CFE,2150,202509,认购,9/23/2024 0:00,9/19/2025 0:00,24,100,842.4,824.6,0
8/26/2025,000016.SH,HO2509-C-2200.CFE,2200,202509,认购,9/23/2024 0:00,9/19/2025 0:00,24,100,786,774.6,0.749
8/26/2025,000016.SH,HO2509-C-2250.CFE,2250,202509,认购,9/23/2024 0:00,9/19/2025 0:00,24,100,735.8,724.6,0
8/26/2025,000016.SH,HO2509-C-2300.CFE,2300,202509,认购,9/23/2024 0:00,9/19/2025 0:00,24,100,670.8,674.6,0
8/26/2025,000016.SH,HO2509-C-2350.CFE,2350,202509,认购,9/23/2024 0:00,9/19/2025 0:00,24,100,618.4,624.8,0
8/26/2025,000016.SH,HO2509-C-2400.CFE,2400,202509,认购,9/23/2024 0:00,9/19/2025 0:00,24,100,570.8,574.8,0
8/26/2025,000016.SH,HO2509-C-2425.CFE,2425,202509,认购,6/23/2025 0:00,9/19/2025 0:00,24,100,561,549.8,0
8/26/2025,000016.SH,HO2509-C-2450.CFE,2450,202509,认购,9/23/2024 0:00,9/19/2025 0:00,24,100,520.6,525,0.2896
8/26/2025,000016.SH,HO2509-C-2475.CFE,2475,202509,认购,6/23/2025 0:00,9/19/2025 0:00,24,100,495.6,500,0.2743
8/26/2025,000016.SH,HO2509-C-2500.CFE,2500,202509,认购,9/23/2024 0:00,9/19/2025 0:00,24,100,467.6,475.2,0.2503
8/26/2025,000016.SH,HO2509-C-2550.CFE,2550,202509,认购,6/23/2025 0:00,9/19/2025 0:00,24,100,432,424.6,0.2476
8/26/2025,000016.SH,HO2509-C-2600.CFE,2600,202509,认购,9/25/2024 0:00,9/19/2025 0:00,24,100,372,375,0.2063
8/26/2025,000016.SH,HO2509-C-2650.CFE,2650,202509,认购,6/23/2025 0:00,9/19/2025 0:00,24,100,325,325.6,0.2629
8/26/2025,000016.SH,HO2509-C-2700.CFE,2700,202509,认购,9/26/2024 0:00,9/19/2025 0:00,24,100,276.2,276.2,0.2396
8/26/2025,000016.SH,HO2509-C-2750.CFE,2750,202509,认购,6/23/2025 0:00,9/19/2025 0:00,24,100,228.2,228.4,0.2188
8/26/2025,000016.SH,HO2509-C-2800.CFE,2800,202509,认购,9/27/2024 0:00,9/19/2025 0:00,24,100,183,183,0.2085
8/26/2025,000016.SH,HO2509-C-2850.CFE,2850,202509,认购,6/23/2025 0:00,9/19/2025 0:00,24,100,144.8,144.8,0.2164
8/26/2025,000016.SH,HO2509-C-2900.CFE,2900,202509,认购,9/30/2024 0:00,9/19/2025 0:00,24,100,112.4,112.4,0.2251
8/26/2025,000016.SH,HO2509-C-2950.CFE,2950,202509,认购,6/23/2025 0:00,9/19/2025 0:00,24,100,82.6,82.6,0.2237
8/26/2025,000016.SH,HO2509-C-3000.CFE,3000,202509,认购,10/8/2024 0:00,9/19/2025 0:00,24,100,65.6,65.6,0.2453
8/26/2025,000016.SH,HO2509-C-3050.CFE,3050,202509,认购,6/26/2025 0:00,9/19/2025 0:00,24,100,48.8,48.8,0.2526
8/26/2025,000016.SH,HO2509-C-3100.CFE,3100,202509,认购,10/8/2024 0:00,9/19/2025 0:00,24,100,37.2,37.2,0.2643
8/26/2025,000016.SH,HO2509-C-3150.CFE,3150,202509,认购,7/31/2025 0:00,9/19/2025 0:00,24,100,28.6,28.6,0.2762
8/26/2025,000016.SH,HO2509-C-3200.CFE,3200,202509,认购,10/9/2024 0:00,9/19/2025 0:00,24,100,22.4,22.4,0.2892
8/26/2025,000016.SH,HO2509-C-3250.CFE,3250,202509,认购,8/25/2025 0:00,9/19/2025 0:00,24,100,17.8,17.8,0.3024
8/26/2025,000016.SH,HO2509-C-3300.CFE,3300,202509,认购,8/26/2025 0:00,9/19/2025 0:00,24,100,13.4,13.4,0.3097
8/26/2025,000016.SH,HO2509-P-2000.CFE,2000,202509,认沽,9/23/2024 0:00,9/19/2025 0:00,24,100,0.6,0.4,0.5667
8/26/2025,000016.SH,HO2509-P-2050.CFE,2050,202509,认沽,9/23/2024 0:00,9/19/2025 0:00,24,100,0.6,0.4,0
8/26/2025,000016.SH,HO2509-P-2100.CFE,2100,202509,认沽,9/23/2024 0:00,9/19/2025 0:00,24,100,0.4,0.4,0
8/26/2025,000016.SH,HO2509-P-2150.CFE,2150,202509,认沽,9/23/2024 0:00,9/19/2025 0:00,24,100,0.6,0.4,0
8/26/2025,000016.SH,HO2509-P-2200.CFE,2200,202509,认沽,9/23/2024 0:00,9/19/2025 0:00,24,100,0.4,0.4,0.421
8/26/2025,000016.SH,HO2509-P-2250.CFE,2250,202509,认沽,9/23/2024 0:00,9/19/2025 0:00,24,100,0.6,0.4,0
8/26/2025,000016.SH,HO2509-P-2300.CFE,2300,202509,认沽,9/23/2024 0:00,9/19/2025 0:00,24,100,0.6,0.6,0.3826
8/26/2025,000016.SH,HO2509-P-2350.CFE,2350,202509,认沽,9/23/2024 0:00,9/19/2025 0:00,24,100,0.6,0.6,0.3538
8/26/2025,000016.SH,HO2509-P-2400.CFE,2400,202509,认沽,9/23/2024 0:00,9/19/2025 0:00,24,100,0.6,0.6,0.3238
8/26/2025,000016.SH,HO2509-P-2425.CFE,2425,202509,认沽,6/23/2025 0:00,9/19/2025 0:00,24,100,0.6,0.6,0.3113
8/26/2025,000016.SH,HO2509-P-2450.CFE,2450,202509,认沽,9/23/2024 0:00,9/19/2025 0:00,24,100,0.6,0.6,0.2957
8/26/2025,000016.SH,HO2509-P-2475.CFE,2475,202509,认沽,6/23/2025 0:00,9/19/2025 0:00,24,100,0.6,0.6,0.2818
8/26/2025,000016.SH,HO2509-P-2500.CFE,2500,202509,认沽,9/23/2024 0:00,9/19/2025 0:00,24,100,0.6,0.6,0.268
8/26/2025,000016.SH,HO2509-P-2550.CFE,2550,202509,认沽,6/23/2025 0:00,9/19/2025 0:00,24,100,0.8,1,0.2498
8/26/2025,000016.SH,HO2509-P-2600.CFE,2600,202509,认沽,9/25/2024 0:00,9/19/2025 0:00,24,100,1.2,1.2,0.235
8/26/2025,000016.SH,HO2509-P-2650.CFE,2650,202509,认沽,6/23/2025 0:00,9/19/2025 0:00,24,100,1.8,1.6,0.2196
8/26/2025,000016.SH,HO2509-P-2700.CFE,2700,202509,认沽,9/26/2024 0:00,9/19/2025 0:00,24,100,2.8,2.8,0.205
8/26/2025,000016.SH,HO2509-P-2750.CFE,2750,202509,认沽,6/23/2025 0:00,9/19/2025 0:00,24,100,5,5,0.1957
8/26/2025,000016.SH,HO2509-P-2800.CFE,2800,202509,认沽,9/27/2024 0:00,9/19/2025 0:00,24,100,10.2,10.2,0.195
8/26/2025,000016.SH,HO2509-P-2850.CFE,2850,202509,认沽,6/23/2025 0:00,9/19/2025 0:00,24,100,20.4,20.4,0.2003
8/26/2025,000016.SH,HO2509-P-2900.CFE,2900,202509,认沽,9/30/2024 0:00,9/19/2025 0:00,24,100,37.6,37.6,0.2106
8/26/2025,000016.SH,HO2509-P-2950.CFE,2950,202509,认沽,6/23/2025 0:00,9/19/2025 0:00,24,100,62,62,0.2237
8/26/2025,000016.SH,HO2509-P-3000.CFE,3000,202509,认沽,10/8/2024 0:00,9/19/2025 0:00,24,100,90.6,90.6,0.2317
8/26/2025,000016.SH,HO2509-P-3050.CFE,3050,202509,认沽,6/26/2025 0:00,9/19/2025 0:00,24,100,124.2,124.2,0.2397
8/26/2025,000016.SH,HO2509-P-3100.CFE,3100,202509,认沽,10/8/2024 0:00,9/19/2025 0:00,24,100,163.6,163.6,0.2539
8/26/2025,000016.SH,HO2509-P-3150.CFE,3150,202509,认沽,7/31/2025 0:00,9/19/2025 0:00,24,100,206,205,0.2688
8/26/2025,000016.SH,HO2509-P-3200.CFE,3200,202509,认沽,10/9/2024 0:00,9/19/2025 0:00,24,100,250,248.8,0.2819
8/26/2025,000016.SH,HO2509-P-3250.CFE,3250,202509,认沽,8/25/2025 0:00,9/19/2025 0:00,24,100,295.6,292.6,0.2953
8/26/2025,000016.SH,HO2509-P-3300.CFE,3300,202509,认沽,8/26/2025 0:00,9/19/2025 0:00,24,100,341.8,338.6,0.3124
8/26/2025,000016.SH,HO2510-C-2475.CFE,2475,202510,认购,7/21/2025 0:00,10/17/2025 0:00,52,100,507.6,500.8,0.3277
8/26/2025,000016.SH,HO2510-C-2500.CFE,2500,202510,认购,7/21/2025 0:00,10/17/2025 0:00,52,100,481.8,476.4,0.3062
8/26/2025,000016.SH,HO2510-C-2550.CFE,2550,202510,认购,7/21/2025 0:00,10/17/2025 0:00,52,100,443.2,427.8,0
8/26/2025,000016.SH,HO2510-C-2600.CFE,2600,202510,认购,7/21/2025 0:00,10/17/2025 0:00,52,100,386.8,379.8,0.2077
8/26/2025,000016.SH,HO2510-C-2650.CFE,2650,202510,认购,7/21/2025 0:00,10/17/2025 0:00,52,100,330.6,332.6,0.2111
8/26/2025,000016.SH,HO2510-C-2700.CFE,2700,202510,认购,7/21/2025 0:00,10/17/2025 0:00,52,100,285.4,290.2,0.2098
8/26/2025,000016.SH,HO2510-C-2750.CFE,2750,202510,认购,7/21/2025 0:00,10/17/2025 0:00,52,100,249.6,243,0.2112
8/26/2025,000016.SH,HO2510-C-2800.CFE,2800,202510,认购,7/21/2025 0:00,10/17/2025 0:00,52,100,200.8,203.4,0.2199
8/26/2025,000016.SH,HO2510-C-2850.CFE,2850,202510,认购,7/21/2025 0:00,10/17/2025 0:00,52,100,164.8,164.8,0.211
8/26/2025,000016.SH,HO2510-C-2900.CFE,2900,202510,认购,7/21/2025 0:00,10/17/2025 0:00,52,100,135.2,135.2,0.2191
8/26/2025,000016.SH,HO2510-C-2950.CFE,2950,202510,认购,7/21/2025 0:00,10/17/2025 0:00,52,100,114.6,114.6,0.2374
8/26/2025,000016.SH,HO2510-C-3000.CFE,3000,202510,认购,7/21/2025 0:00,10/17/2025 0:00,52,100,90,90,0.2363
8/26/2025,000016.SH,HO2510-C-3050.CFE,3050,202510,认购,7/21/2025 0:00,10/17/2025 0:00,52,100,75.8,75.8,0.2508
8/26/2025,000016.SH,HO2510-C-3100.CFE,3100,202510,认购,7/23/2025 0:00,10/17/2025 0:00,52,100,63.8,63.8,0.2635
8/26/2025,000016.SH,HO2510-C-3150.CFE,3150,202510,认购,7/31/2025 0:00,10/17/2025 0:00,52,100,51,51.4,0.2677
8/26/2025,000016.SH,HO2510-C-3200.CFE,3200,202510,认购,8/25/2025 0:00,10/17/2025 0:00,52,100,45.4,43,0.2858
8/26/2025,000016.SH,HO2510-C-3250.CFE,3250,202510,认购,8/25/2025 0:00,10/17/2025 0:00,52,100,35.4,35.4,0.2864
8/26/2025,000016.SH,HO2510-C-3300.CFE,3300,202510,认购,8/26/2025 0:00,10/17/2025 0:00,52,100,29.2,29.2,0.2936
8/26/2025,000016.SH,HO2510-P-2475.CFE,2475,202510,认沽,7/21/2025 0:00,10/17/2025 0:00,52,100,2.6,2.6,0.2621
8/26/2025,000016.SH,HO2510-P-2500.CFE,2500,202510,认沽,7/21/2025 0:00,10/17/2025 0:00,52,100,3.2,3.2,0
8/26/2025,000016.SH,HO2510-P-2550.CFE,2550,202510,认沽,7/21/2025 0:00,10/17/2025 0:00,52,100,4.6,4.6,0.2504
8/26/2025,000016.SH,HO2510-P-2600.CFE,2600,202510,认沽,7/21/2025 0:00,10/17/2025 0:00,52,100,6.4,6.4,0.2404
8/26/2025,000016.SH,HO2510-P-2650.CFE,2650,202510,认沽,7/21/2025 0:00,10/17/2025 0:00,52,100,9.2,9,0.2323
8/26/2025,000016.SH,HO2510-P-2700.CFE,2700,202510,认沽,7/21/2025 0:00,10/17/2025 0:00,52,100,13.6,13.4,0.2266
8/26/2025,000016.SH,HO2510-P-2750.CFE,2750,202510,认沽,7/21/2025 0:00,10/17/2025 0:00,52,100,20,20,0.2219
8/26/2025,000016.SH,HO2510-P-2800.CFE,2800,202510,认沽,7/21/2025 0:00,10/17/2025 0:00,52,100,29.8,29.8,0.2204
8/26/2025,000016.SH,HO2510-P-2850.CFE,2850,202510,认沽,7/21/2025 0:00,10/17/2025 0:00,52,100,44.6,44.6,0.2238
8/26/2025,000016.SH,HO2510-P-2900.CFE,2900,202510,认沽,7/21/2025 0:00,10/17/2025 0:00,52,100,64.2,64.2,0.2288
8/26/2025,000016.SH,HO2510-P-2950.CFE,2950,202510,认沽,7/21/2025 0:00,10/17/2025 0:00,52,100,89.6,88,0.2374
8/26/2025,000016.SH,HO2510-P-3000.CFE,3000,202510,认沽,7/21/2025 0:00,10/17/2025 0:00,52,100,119,119,0.2458
8/26/2025,000016.SH,HO2510-P-3050.CFE,3050,202510,认沽,7/21/2025 0:00,10/17/2025 0:00,52,100,152.6,152,0.2556
8/26/2025,000016.SH,HO2510-P-3100.CFE,3100,202510,认沽,7/23/2025 0:00,10/17/2025 0:00,52,100,196.8,188.4,0.2852
8/26/2025,000016.SH,HO2510-P-3150.CFE,3150,202510,认沽,7/31/2025 0:00,10/17/2025 0:00,52,100,225.4,227.4,0.2815
8/26/2025,000016.SH,HO2510-P-3200.CFE,3200,202510,认沽,8/25/2025 0:00,10/17/2025 0:00,52,100,268.8,268.2,0.2942
8/26/2025,000016.SH,HO2510-P-3250.CFE,3250,202510,认沽,8/25/2025 0:00,10/17/2025 0:00,52,100,306.6,310.4,0.2758
8/26/2025,000016.SH,HO2510-P-3300.CFE,3300,202510,认沽,8/26/2025 0:00,10/17/2025 0:00,52,100,354,354.2,0.2951
8/26/2025,000016.SH,HO2511-C-2500.CFE,2500,202511,认购,8/18/2025 0:00,11/21/2025 0:00,87,100,491.6,479,0
8/26/2025,000016.SH,HO2511-C-2550.CFE,2550,202511,认购,8/18/2025 0:00,11/21/2025 0:00,87,100,311.8,431.8,0
8/26/2025,000016.SH,HO2511-C-2600.CFE,2600,202511,认购,8/18/2025 0:00,11/21/2025 0:00,87,100,318,386,0
8/26/2025,000016.SH,HO2511-C-2650.CFE,2650,202511,认购,8/18/2025 0:00,11/21/2025 0:00,87,100,295.6,342,0
8/26/2025,000016.SH,HO2511-C-2700.CFE,2700,202511,认购,8/18/2025 0:00,11/21/2025 0:00,87,100,252.4,300.2,0
8/26/2025,000016.SH,HO2511-C-2750.CFE,2750,202511,认购,8/18/2025 0:00,11/21/2025 0:00,87,100,275.6,261.8,0
8/26/2025,000016.SH,HO2511-C-2800.CFE,2800,202511,认购,8/18/2025 0:00,11/21/2025 0:00,87,100,220.4,226.6,0
8/26/2025,000016.SH,HO2511-C-2850.CFE,2850,202511,认购,8/18/2025 0:00,11/21/2025 0:00,87,100,204,195,0.2292
8/26/2025,000016.SH,HO2511-C-2900.CFE,2900,202511,认购,8/18/2025 0:00,11/21/2025 0:00,87,100,176.6,167.2,0.2343
8/26/2025,000016.SH,HO2511-C-2950.CFE,2950,202511,认购,8/18/2025 0:00,11/21/2025 0:00,87,100,142.6,142.6,0.2221
8/26/2025,000016.SH,HO2511-C-3000.CFE,3000,202511,认购,8/18/2025 0:00,11/21/2025 0:00,87,100,125.2,125.2,0.234
8/26/2025,000016.SH,HO2511-C-3050.CFE,3050,202511,认购,8/18/2025 0:00,11/21/2025 0:00,87,100,113.6,105.8,0.2475
8/26/2025,000016.SH,HO2511-C-3100.CFE,3100,202511,认购,8/18/2025 0:00,11/21/2025 0:00,87,100,100.4,91.2,0.2608
8/26/2025,000016.SH,HO2511-C-3150.CFE,3150,202511,认购,8/18/2025 0:00,11/21/2025 0:00,87,100,80,78.8,0.2535
8/26/2025,000016.SH,HO2511-C-3200.CFE,3200,202511,认购,8/25/2025 0:00,11/21/2025 0:00,87,100,70.4,70.4,0.2624
8/26/2025,000016.SH,HO2511-C-3250.CFE,3250,202511,认购,8/25/2025 0:00,11/21/2025 0:00,87,100,60.8,60.2,0.2681
8/26/2025,000016.SH,HO2511-C-3300.CFE,3300,202511,认购,8/26/2025 0:00,11/21/2025 0:00,87,100,53.4,52.6,0.2775
8/26/2025,000016.SH,HO2511-P-2500.CFE,2500,202511,认沽,8/18/2025 0:00,11/21/2025 0:00,87,100,4.6,5.8,0
8/26/2025,000016.SH,HO2511-P-2550.CFE,2550,202511,认沽,8/18/2025 0:00,11/21/2025 0:00,87,100,8,8.6,0
8/26/2025,000016.SH,HO2511-P-2600.CFE,2600,202511,认沽,8/18/2025 0:00,11/21/2025 0:00,87,100,12,12.4,0.2113
8/26/2025,000016.SH,HO2511-P-2650.CFE,2650,202511,认沽,8/18/2025 0:00,11/21/2025 0:00,87,100,18,17.8,0.2119
8/26/2025,000016.SH,HO2511-P-2700.CFE,2700,202511,认沽,8/18/2025 0:00,11/21/2025 0:00,87,100,26,26,0.2122
8/26/2025,000016.SH,HO2511-P-2750.CFE,2750,202511,认沽,8/18/2025 0:00,11/21/2025 0:00,87,100,36.8,36.8,0.2135
8/26/2025,000016.SH,HO2511-P-2800.CFE,2800,202511,认沽,8/18/2025 0:00,11/21/2025 0:00,87,100,52.2,51.6,0.2186
8/26/2025,000016.SH,HO2511-P-2850.CFE,2850,202511,认沽,8/18/2025 0:00,11/21/2025 0:00,87,100,73.6,69.4,0.2287
8/26/2025,000016.SH,HO2511-P-2900.CFE,2900,202511,认沽,8/18/2025 0:00,11/21/2025 0:00,87,100,93,90.8,0.2328
8/26/2025,000016.SH,HO2511-P-2950.CFE,2950,202511,认沽,8/18/2025 0:00,11/21/2025 0:00,87,100,118.6,117.4,0.2408
8/26/2025,000016.SH,HO2511-P-3000.CFE,3000,202511,认沽,8/18/2025 0:00,11/21/2025 0:00,87,100,144.6,146.8,0.234
8/26/2025,000016.SH,HO2511-P-3050.CFE,3050,202511,认沽,8/18/2025 0:00,11/21/2025 0:00,87,100,176.4,179,0.2396
8/26/2025,000016.SH,HO2511-P-3100.CFE,3100,202511,认沽,8/18/2025 0:00,11/21/2025 0:00,87,100,210.6,214.4,0.2448
8/26/2025,000016.SH,HO2511-P-3150.CFE,3150,202511,认沽,8/18/2025 0:00,11/21/2025 0:00,87,100,236.2,254,0
8/26/2025,000016.SH,HO2511-P-3200.CFE,3200,202511,认沽,8/25/2025 0:00,11/21/2025 0:00,87,100,297.6,291,0
8/26/2025,000016.SH,HO2511-P-3250.CFE,3250,202511,认沽,8/25/2025 0:00,11/21/2025 0:00,87,100,321.8,332,0
8/26/2025,000016.SH,HO2511-P-3300.CFE,3300,202511,认沽,8/26/2025 0:00,11/21/2025 0:00,87,100,357,374.4,0
8/26/2025,000016.SH,HO2512-C-2250.CFE,2250,202512,认购,1/14/2025 0:00,12/19/2025 0:00,115,100,730,725.6,0
8/26/2025,000016.SH,HO2512-C-2300.CFE,2300,202512,认购,1/3/2025 0:00,12/19/2025 0:00,115,100,684.4,678.8,0.2054
8/26/2025,000016.SH,HO2512-C-2350.CFE,2350,202512,认购,12/23/2024 0:00,12/19/2025 0:00,115,100,502.4,630,0
8/26/2025,000016.SH,HO2512-C-2400.CFE,2400,202512,认购,12/23/2024 0:00,12/19/2025 0:00,115,100,591,580,0.207
8/26/2025,000016.SH,HO2512-C-2450.CFE,2450,202512,认购,12/23/2024 0:00,12/19/2025 0:00,115,100,436.2,532.4,0
8/26/2025,000016.SH,HO2512-C-2500.CFE,2500,202512,认购,12/23/2024 0:00,12/19/2025 0:00,115,100,493.2,484.4,0.2103
8/26/2025,000016.SH,HO2512-C-2600.CFE,2600,202512,认购,12/23/2024 0:00,12/19/2025 0:00,115,100,402.2,395.2,0.2364
8/26/2025,000016.SH,HO2512-C-2700.CFE,2700,202512,认购,12/23/2024 0:00,12/19/2025 0:00,115,100,325.4,314,0.2115
8/26/2025,000016.SH,HO2512-C-2800.CFE,2800,202512,认购,12/23/2024 0:00,12/19/2025 0:00,115,100,242,242,0.2151
8/26/2025,000016.SH,HO2512-C-2900.CFE,2900,202512,认购,12/23/2024 0:00,12/19/2025 0:00,115,100,190,188.4,0.2293
8/26/2025,000016.SH,HO2512-C-3000.CFE,3000,202512,认购,12/23/2024 0:00,12/19/2025 0:00,115,100,142,142,0.2281
8/26/2025,000016.SH,HO2512-C-3100.CFE,3100,202512,认购,3/17/2025 0:00,12/19/2025 0:00,115,100,111.6,111.6,0.2462
8/26/2025,000016.SH,HO2512-C-3200.CFE,3200,202512,认购,7/31/2025 0:00,12/19/2025 0:00,115,100,89,89,0.2606
8/26/2025,000016.SH,HO2512-C-3300.CFE,3300,202512,认购,8/25/2025 0:00,12/19/2025 0:00,115,100,70,70.2,0.2712
8/26/2025,000016.SH,HO2512-P-2250.CFE,2250,202512,认沽,1/14/2025 0:00,12/19/2025 0:00,115,100,2.8,2.8,0.2445
8/26/2025,000016.SH,HO2512-P-2300.CFE,2300,202512,认沽,1/3/2025 0:00,12/19/2025 0:00,115,100,3.4,3.2,0.2349
8/26/2025,000016.SH,HO2512-P-2350.CFE,2350,202512,认沽,12/23/2024 0:00,12/19/2025 0:00,115,100,4,4,0.2285
8/26/2025,000016.SH,HO2512-P-2400.CFE,2400,202512,认沽,12/23/2024 0:00,12/19/2025 0:00,115,100,5.4,5.4,0.2203
8/26/2025,000016.SH,HO2512-P-2450.CFE,2450,202512,认沽,12/23/2024 0:00,12/19/2025 0:00,115,100,7.4,7.6,0.2142
8/26/2025,000016.SH,HO2512-P-2500.CFE,2500,202512,认沽,12/23/2024 0:00,12/19/2025 0:00,115,100,10,10,0.2095
8/26/2025,000016.SH,HO2512-P-2600.CFE,2600,202512,认沽,12/23/2024 0:00,12/19/2025 0:00,115,100,20.6,20.6,0.2091
8/26/2025,000016.SH,HO2512-P-2700.CFE,2700,202512,认沽,12/23/2024 0:00,12/19/2025 0:00,115,100,38.6,38.6,0.2094
8/26/2025,000016.SH,HO2512-P-2800.CFE,2800,202512,认沽,12/23/2024 0:00,12/19/2025 0:00,115,100,68,68,0.2163
8/26/2025,000016.SH,HO2512-P-2900.CFE,2900,202512,认沽,12/23/2024 0:00,12/19/2025 0:00,115,100,111,111,0.2206
8/26/2025,000016.SH,HO2512-P-3000.CFE,3000,202512,认沽,12/23/2024 0:00,12/19/2025 0:00,115,100,163.2,168.2,0.2243
8/26/2025,000016.SH,HO2512-P-3100.CFE,3100,202512,认沽,3/17/2025 0:00,12/19/2025 0:00,115,100,229.8,233.2,0.2345
8/26/2025,000016.SH,HO2512-P-3200.CFE,3200,202512,认沽,7/31/2025 0:00,12/19/2025 0:00,115,100,308.4,307.4,0.2508
8/26/2025,000016.SH,HO2512-P-3300.CFE,3300,202512,认沽,8/25/2025 0:00,12/19/2025 0:00,115,100,387.4,389.2,0.2574
8/26/2025,000016.SH,HO2603-C-2250.CFE,2250,202603,认购,4/8/2025 0:00,3/20/2026 0:00,206,100,561,729.4,0
8/26/2025,000016.SH,HO2603-C-2300.CFE,2300,202603,认购,4/8/2025 0:00,3/20/2026 0:00,206,100,680.8,684.6,0.1624
8/26/2025,000016.SH,HO2603-C-2350.CFE,2350,202603,认购,4/1/2025 0:00,3/20/2026 0:00,206,100,640.2,636.6,0
8/26/2025,000016.SH,HO2603-C-2400.CFE,2400,202603,认购,3/24/2025 0:00,3/20/2026 0:00,206,100,601.2,591.6,0
8/26/2025,000016.SH,HO2603-C-2450.CFE,2450,202603,认购,3/24/2025 0:00,3/20/2026 0:00,206,100,442.4,548,0
8/26/2025,000016.SH,HO2603-C-2500.CFE,2500,202603,认购,3/24/2025 0:00,3/20/2026 0:00,206,100,500.2,506.4,0.1951
8/26/2025,000016.SH,HO2603-C-2600.CFE,2600,202603,认购,3/24/2025 0:00,3/20/2026 0:00,206,100,418,421,0.1909
8/26/2025,000016.SH,HO2603-C-2700.CFE,2700,202603,认购,3/24/2025 0:00,3/20/2026 0:00,206,100,342,347.8,0
8/26/2025,000016.SH,HO2603-C-2800.CFE,2800,202603,认购,3/24/2025 0:00,3/20/2026 0:00,206,100,288,283.4,0.2068
8/26/2025,000016.SH,HO2603-C-2900.CFE,2900,202603,认购,3/24/2025 0:00,3/20/2026 0:00,206,100,236,231,0.2186
8/26/2025,000016.SH,HO2603-C-3000.CFE,3000,202603,认购,3/24/2025 0:00,3/20/2026 0:00,206,100,193.2,193.2,0.2283
8/26/2025,000016.SH,HO2603-C-3100.CFE,3100,202603,认购,5/15/2025 0:00,3/20/2026 0:00,206,100,159,159,0.2331
8/26/2025,000016.SH,HO2603-C-3200.CFE,3200,202603,认购,7/31/2025 0:00,3/20/2026 0:00,206,100,128,129,0.2382
8/26/2025,000016.SH,HO2603-C-3300.CFE,3300,202603,认购,8/25/2025 0:00,3/20/2026 0:00,206,100,109,108.8,0.2517
8/26/2025,000016.SH,HO2603-P-2250.CFE,2250,202603,认沽,4/8/2025 0:00,3/20/2026 0:00,206,100,7.8,7.8,0.2217
8/26/2025,000016.SH,HO2603-P-2300.CFE,2300,202603,认沽,4/8/2025 0:00,3/20/2026 0:00,206,100,10,10,0.218
8/26/2025,000016.SH,HO2603-P-2350.CFE,2350,202603,认沽,4/1/2025 0:00,3/20/2026 0:00,206,100,12.2,12.6,0
8/26/2025,000016.SH,HO2603-P-2400.CFE,2400,202603,认沽,3/24/2025 0:00,3/20/2026 0:00,206,100,14.6,16.2,0
8/26/2025,000016.SH,HO2603-P-2450.CFE,2450,202603,认沽,3/24/2025 0:00,3/20/2026 0:00,206,100,20.8,20.6,0.2103
8/26/2025,000016.SH,HO2603-P-2500.CFE,2500,202603,认沽,3/24/2025 0:00,3/20/2026 0:00,206,100,27.8,26.4,0.2108
8/26/2025,000016.SH,HO2603-P-2600.CFE,2600,202603,认沽,3/24/2025 0:00,3/20/2026 0:00,206,100,44.6,43.2,0.2091
8/26/2025,000016.SH,HO2603-P-2700.CFE,2700,202603,认沽,3/24/2025 0:00,3/20/2026 0:00,206,100,70,70,0.2091
8/26/2025,000016.SH,HO2603-P-2800.CFE,2800,202603,认沽,3/24/2025 0:00,3/20/2026 0:00,206,100,104.6,104.6,0.2136
8/26/2025,000016.SH,HO2603-P-2900.CFE,2900,202603,认沽,3/24/2025 0:00,3/20/2026 0:00,206,100,151.6,148.6,0.2196
8/26/2025,000016.SH,HO2603-P-3000.CFE,3000,202603,认沽,3/24/2025 0:00,3/20/2026 0:00,206,100,211,205,0.2334
8/26/2025,000016.SH,HO2603-P-3100.CFE,3100,202603,认沽,5/15/2025 0:00,3/20/2026 0:00,206,100,276.8,270.8,0.2402
8/26/2025,000016.SH,HO2603-P-3200.CFE,3200,202603,认沽,7/31/2025 0:00,3/20/2026 0:00,206,100,331.4,342.2,0
8/26/2025,000016.SH,HO2603-P-3300.CFE,3300,202603,认沽,8/25/2025 0:00,3/20/2026 0:00,206,100,424.8,420.8,0.2521
8/26/2025,000016.SH,HO2606-C-2400.CFE,2400,202606,认购,6/23/2025 0:00,6/19/2026 0:00,297,100,597,604.2,0.1815
8/26/2025,000016.SH,HO2606-C-2450.CFE,2450,202606,认购,6/23/2025 0:00,6/19/2026 0:00,297,100,451,562.6,0
8/26/2025,000016.SH,HO2606-C-2500.CFE,2500,202606,认购,6/23/2025 0:00,6/19/2026 0:00,297,100,516.8,522,0.188
8/26/2025,000016.SH,HO2606-C-2600.CFE,2600,202606,认购,6/23/2025 0:00,6/19/2026 0:00,297,100,448,446.2,0.2051
8/26/2025,000016.SH,HO2606-C-2700.CFE,2700,202606,认购,6/23/2025 0:00,6/19/2026 0:00,297,100,382.6,377.8,0.2046
8/26/2025,000016.SH,HO2606-C-2800.CFE,2800,202606,认购,6/23/2025 0:00,6/19/2026 0:00,297,100,316.4,320.6,0.2017
8/26/2025,000016.SH,HO2606-C-2900.CFE,2900,202606,认购,6/23/2025 0:00,6/19/2026 0:00,297,100,271,267,0.2122
8/26/2025,000016.SH,HO2606-C-3000.CFE,3000,202606,认购,6/23/2025 0:00,6/19/2026 0:00,297,100,227.8,224,0.2172
8/26/2025,000016.SH,HO2606-C-3100.CFE,3100,202606,认购,6/26/2025 0:00,6/19/2026 0:00,297,100,182.2,181.6,0.2136
8/26/2025,000016.SH,HO2606-C-3200.CFE,3200,202606,认购,7/31/2025 0:00,6/19/2026 0:00,297,100,158,154,0.2244
8/26/2025,000016.SH,HO2606-C-3300.CFE,3300,202606,认购,8/25/2025 0:00,6/19/2026 0:00,297,100,128.8,128.8,0.2254
8/26/2025,000016.SH,HO2606-P-2400.CFE,2400,202606,认沽,6/23/2025 0:00,6/19/2026 0:00,297,100,29,26.8,0.2067
8/26/2025,000016.SH,HO2606-P-2450.CFE,2450,202606,认沽,6/23/2025 0:00,6/19/2026 0:00,297,100,33.8,34.4,0.2009
8/26/2025,000016.SH,HO2606-P-2500.CFE,2500,202606,认沽,6/23/2025 0:00,6/19/2026 0:00,297,100,42,41.2,0.2003
8/26/2025,000016.SH,HO2606-P-2600.CFE,2600,202606,认沽,6/23/2025 0:00,6/19/2026 0:00,297,100,68.2,64.4,0.2076
8/26/2025,000016.SH,HO2606-P-2700.CFE,2700,202606,认沽,6/23/2025 0:00,6/19/2026 0:00,297,100,98,95.2,0.2088
8/26/2025,000016.SH,HO2606-P-2800.CFE,2800,202606,认沽,6/23/2025 0:00,6/19/2026 0:00,297,100,137.2,133,0.2115
8/26/2025,000016.SH,HO2606-P-2900.CFE,2900,202606,认沽,6/23/2025 0:00,6/19/2026 0:00,297,100,182,182,0.2137
8/26/2025,000016.SH,HO2606-P-3000.CFE,3000,202606,认沽,6/23/2025 0:00,6/19/2026 0:00,297,100,236.2,236.2,0.2185
8/26/2025,000016.SH,HO2606-P-3100.CFE,3100,202606,认沽,6/26/2025 0:00,6/19/2026 0:00,297,100,306.2,298,0.226
8/26/2025,000016.SH,HO2606-P-3200.CFE,3200,202606,认沽,7/31/2025 0:00,6/19/2026 0:00,297,100,374,361.2,0.2318
8/26/2025,000016.SH,HO2606-P-3300.CFE,3300,202606,认沽,8/25/2025 0:00,6/19/2026 0:00,297,100,439,439,0.2306
8/26/2025,000300.SH,IO2509-C-2800.CFE,2800,202509,认购,9/23/2024 0:00,9/19/2025 0:00,24,100,1553,1659.4,0
8/26/2025,000300.SH,IO2509-C-2900.CFE,2900,202509,认购,9/23/2024 0:00,9/19/2025 0:00,24,100,1530.6,1559.4,0
8/26/2025,000300.SH,IO2509-C-3000.CFE,3000,202509,认购,9/23/2024 0:00,9/19/2025 0:00,24,100,1453,1459.4,0
8/26/2025,000300.SH,IO2509-C-3100.CFE,3100,202509,认购,9/23/2024 0:00,9/19/2025 0:00,24,100,1367,1359.4,0
8/26/2025,000300.SH,IO2509-C-3200.CFE,3200,202509,认购,9/23/2024 0:00,9/19/2025 0:00,24,100,1233.6,1259.4,0
8/26/2025,000300.SH,IO2509-C-3300.CFE,3300,202509,认购,9/23/2024 0:00,9/19/2025 0:00,24,100,1133.8,1159.6,0
8/26/2025,000300.SH,IO2509-C-3400.CFE,3400,202509,认购,9/23/2024 0:00,9/19/2025 0:00,24,100,1056.8,1059.6,0
8/26/2025,000300.SH,IO2509-C-3450.CFE,3450,202509,认购,6/23/2025 0:00,9/19/2025 0:00,24,100,1017,1009.8,0
8/26/2025,000300.SH,IO2509-C-3500.CFE,3500,202509,认购,9/23/2024 0:00,9/19/2025 0:00,24,100,970.8,959.8,0.593
8/26/2025,000300.SH,IO2509-C-3550.CFE,3550,202509,认购,6/23/2025 0:00,9/19/2025 0:00,24,100,915,910,0.5208
8/26/2025,000300.SH,IO2509-C-3600.CFE,3600,202509,认购,9/23/2024 0:00,9/19/2025 0:00,24,100,876,860,0.569
8/26/2025,000300.SH,IO2509-C-3650.CFE,3650,202509,认购,6/23/2025 0:00,9/19/2025 0:00,24,100,800.2,810.2,0.2004
8/26/2025,000300.SH,IO2509-C-3700.CFE,3700,202509,认购,9/25/2024 0:00,9/19/2025 0:00,24,100,776.2,760.4,0.5121
8/26/2025,000300.SH,IO2509-C-3750.CFE,3750,202509,认购,6/23/2025 0:00,9/19/2025 0:00,24,100,702.4,710.8,0.2363
8/26/2025,000300.SH,IO2509-C-3800.CFE,3800,202509,认购,9/26/2024 0:00,9/19/2025 0:00,24,100,649,661.2,0.2456
8/26/2025,000300.SH,IO2509-C-3850.CFE,3850,202509,认购,6/23/2025 0:00,9/19/2025 0:00,24,100,604.2,611.6,0.2575
8/26/2025,000300.SH,IO2509-C-3900.CFE,3900,202509,认购,9/27/2024 0:00,9/19/2025 0:00,24,100,556.2,562.4,0.2657
8/26/2025,000300.SH,IO2509-C-3950.CFE,3950,202509,认购,6/23/2025 0:00,9/19/2025 0:00,24,100,504.6,513.6,0.2229
8/26/2025,000300.SH,IO2509-C-4000.CFE,4000,202509,认购,9/30/2024 0:00,9/19/2025 0:00,24,100,457.4,465.2,0.2335
8/26/2025,000300.SH,IO2509-C-4050.CFE,4050,202509,认购,6/23/2025 0:00,9/19/2025 0:00,24,100,409.8,409.8,0.2292
8/26/2025,000300.SH,IO2509-C-4100.CFE,4100,202509,认购,9/30/2024 0:00,9/19/2025 0:00,24,100,364,364,0.2293
8/26/2025,000300.SH,IO2509-C-4150.CFE,4150,202509,认购,6/23/2025 0:00,9/19/2025 0:00,24,100,316.6,316.6,0.2155
8/26/2025,000300.SH,IO2509-C-4200.CFE,4200,202509,认购,10/8/2024 0:00,9/19/2025 0:00,24,100,272.4,272.4,0.2106
8/26/2025,000300.SH,IO2509-C-4250.CFE,4250,202509,认购,6/23/2025 0:00,9/19/2025 0:00,24,100,232.4,231.2,0.2122
8/26/2025,000300.SH,IO2509-C-4300.CFE,4300,202509,认购,10/8/2024 0:00,9/19/2025 0:00,24,100,196,194.6,0.215
8/26/2025,000300.SH,IO2509-C-4350.CFE,4350,202509,认购,6/26/2025 0:00,9/19/2025 0:00,24,100,162.2,162.2,0.2153
8/26/2025,000300.SH,IO2509-C-4400.CFE,4400,202509,认购,10/8/2024 0:00,9/19/2025 0:00,24,100,132.8,132.8,0.2173
8/26/2025,000300.SH,IO2509-C-4450.CFE,4450,202509,认购,7/11/2025 0:00,9/19/2025 0:00,24,100,109.8,109.8,0.2245
8/26/2025,000300.SH,IO2509-C-4500.CFE,4500,202509,认购,10/8/2024 0:00,9/19/2025 0:00,24,100,92.4,92.4,0.2357
8/26/2025,000300.SH,IO2509-C-4550.CFE,4550,202509,认购,7/23/2025 0:00,9/19/2025 0:00,24,100,75.2,75.2,0.2405
8/26/2025,000300.SH,IO2509-C-4600.CFE,4600,202509,认购,10/9/2024 0:00,9/19/2025 0:00,24,100,62.2,62.2,0.2483
8/26/2025,000300.SH,IO2509-C-4650.CFE,4650,202509,认购,8/18/2025 0:00,9/19/2025 0:00,24,100,50.2,50.2,0.2527
8/26/2025,000300.SH,IO2509-C-4700.CFE,4700,202509,认购,10/9/2024 0:00,9/19/2025 0:00,24,100,41.8,41.8,0.261
8/26/2025,000300.SH,IO2509-C-4750.CFE,4750,202509,认购,8/22/2025 0:00,9/19/2025 0:00,24,100,34.4,34.4,0.2676
8/26/2025,000300.SH,IO2509-C-4800.CFE,4800,202509,认购,8/25/2025 0:00,9/19/2025 0:00,24,100,28,28,0.273
8/26/2025,000300.SH,IO2509-C-4850.CFE,4850,202509,认购,8/25/2025 0:00,9/19/2025 0:00,24,100,24.2,24.2,0.2835
8/26/2025,000300.SH,IO2509-C-4900.CFE,4900,202509,认购,8/26/2025 0:00,9/19/2025 0:00,24,100,19.6,19.6,0.2878
8/26/2025,000300.SH,IO2509-C-4950.CFE,4950,202509,认购,8/26/2025 0:00,9/19/2025 0:00,24,100,16.6,16.6,0.2956
8/26/2025,000300.SH,IO2509-P-2800.CFE,2800,202509,认沽,9/23/2024 0:00,9/19/2025 0:00,24,100,0.8,0.6,0
8/26/2025,000300.SH,IO2509-P-2900.CFE,2900,202509,认沽,9/23/2024 0:00,9/19/2025 0:00,24,100,0.8,0.6,0.5998
8/26/2025,000300.SH,IO2509-P-3000.CFE,3000,202509,认沽,9/23/2024 0:00,9/19/2025 0:00,24,100,0.8,0.6,0.5416
8/26/2025,000300.SH,IO2509-P-3100.CFE,3100,202509,认沽,9/23/2024 0:00,9/19/2025 0:00,24,100,0.8,0.6,0
8/26/2025,000300.SH,IO2509-P-3200.CFE,3200,202509,认沽,9/23/2024 0:00,9/19/2025 0:00,24,100,0.8,0.8,0.4737
8/26/2025,000300.SH,IO2509-P-3300.CFE,3300,202509,认沽,9/23/2024 0:00,9/19/2025 0:00,24,100,1,1,0.4447
8/26/2025,000300.SH,IO2509-P-3400.CFE,3400,202509,认沽,9/23/2024 0:00,9/19/2025 0:00,24,100,1,1,0.4046
8/26/2025,000300.SH,IO2509-P-3450.CFE,3450,202509,认沽,6/23/2025 0:00,9/19/2025 0:00,24,100,1,1,0.3851
8/26/2025,000300.SH,IO2509-P-3500.CFE,3500,202509,认沽,9/23/2024 0:00,9/19/2025 0:00,24,100,1,1,0.3654
8/26/2025,000300.SH,IO2509-P-3550.CFE,3550,202509,认沽,6/23/2025 0:00,9/19/2025 0:00,24,100,1,1,0.3461
8/26/2025,000300.SH,IO2509-P-3600.CFE,3600,202509,认沽,9/23/2024 0:00,9/19/2025 0:00,24,100,1,1,0.327
8/26/2025,000300.SH,IO2509-P-3650.CFE,3650,202509,认沽,6/23/2025 0:00,9/19/2025 0:00,24,100,1.2,1.2,0.3152
8/26/2025,000300.SH,IO2509-P-3700.CFE,3700,202509,认沽,9/25/2024 0:00,9/19/2025 0:00,24,100,1.2,1.2,0.296
8/26/2025,000300.SH,IO2509-P-3750.CFE,3750,202509,认沽,6/23/2025 0:00,9/19/2025 0:00,24,100,1.2,1.2,0.277
8/26/2025,000300.SH,IO2509-P-3800.CFE,3800,202509,认沽,9/26/2024 0:00,9/19/2025 0:00,24,100,1.6,1.6,0.2685
8/26/2025,000300.SH,IO2509-P-3850.CFE,3850,202509,认沽,6/23/2025 0:00,9/19/2025 0:00,24,100,1.6,1.6,0.2492
8/26/2025,000300.SH,IO2509-P-3900.CFE,3900,202509,认沽,9/27/2024 0:00,9/19/2025 0:00,24,100,2.2,2.2,0.2412
8/26/2025,000300.SH,IO2509-P-3950.CFE,3950,202509,认沽,6/23/2025 0:00,9/19/2025 0:00,24,100,2.6,2.6,0.2273
8/26/2025,000300.SH,IO2509-P-4000.CFE,4000,202509,认沽,9/30/2024 0:00,9/19/2025 0:00,24,100,4,4,0.2233
8/26/2025,000300.SH,IO2509-P-4050.CFE,4050,202509,认沽,6/23/2025 0:00,9/19/2025 0:00,24,100,5.2,5.2,0.2126
8/26/2025,000300.SH,IO2509-P-4100.CFE,4100,202509,认沽,9/30/2024 0:00,9/19/2025 0:00,24,100,8.6,8.6,0.213
8/26/2025,000300.SH,IO2509-P-4150.CFE,4150,202509,认沽,6/23/2025 0:00,9/19/2025 0:00,24,100,12.6,12.6,0.2087
8/26/2025,000300.SH,IO2509-P-4200.CFE,4200,202509,认沽,10/8/2024 0:00,9/19/2025 0:00,24,100,19.8,19.8,0.2104
8/26/2025,000300.SH,IO2509-P-4250.CFE,4250,202509,认沽,6/23/2025 0:00,9/19/2025 0:00,24,100,28.6,28.6,0.2087
8/26/2025,000300.SH,IO2509-P-4300.CFE,4300,202509,认沽,10/8/2024 0:00,9/19/2025 0:00,24,100,42.2,42.2,0.2121
8/26/2025,000300.SH,IO2509-P-4350.CFE,4350,202509,认沽,6/26/2025 0:00,9/19/2025 0:00,24,100,58.8,58.8,0.2138
8/26/2025,000300.SH,IO2509-P-4400.CFE,4400,202509,认沽,10/8/2024 0:00,9/19/2025 0:00,24,100,80,80,0.2172
8/26/2025,000300.SH,IO2509-P-4450.CFE,4450,202509,认沽,7/11/2025 0:00,9/19/2025 0:00,24,100,107,107,0.2245
8/26/2025,000300.SH,IO2509-P-4500.CFE,4500,202509,认沽,10/8/2024 0:00,9/19/2025 0:00,24,100,140.8,140.8,0.2383
8/26/2025,000300.SH,IO2509-P-4550.CFE,4550,202509,认沽,7/23/2025 0:00,9/19/2025 0:00,24,100,169.8,170,0.2351
8/26/2025,000300.SH,IO2509-P-4600.CFE,4600,202509,认沽,10/9/2024 0:00,9/19/2025 0:00,24,100,206.4,207.2,0.2418
8/26/2025,000300.SH,IO2509-P-4650.CFE,4650,202509,认沽,8/18/2025 0:00,9/19/2025 0:00,24,100,245.4,245.8,0.2483
8/26/2025,000300.SH,IO2509-P-4700.CFE,4700,202509,认沽,10/9/2024 0:00,9/19/2025 0:00,24,100,286,286,0.2536
8/26/2025,000300.SH,IO2509-P-4750.CFE,4750,202509,认沽,8/22/2025 0:00,9/19/2025 0:00,24,100,320.2,330.2,0.2326
8/26/2025,000300.SH,IO2509-P-4800.CFE,4800,202509,认沽,8/25/2025 0:00,9/19/2025 0:00,24,100,370.8,374.8,0.2591
8/26/2025,000300.SH,IO2509-P-4850.CFE,4850,202509,认沽,8/25/2025 0:00,9/19/2025 0:00,24,100,418.6,418.6,0.2745
8/26/2025,000300.SH,IO2509-P-4900.CFE,4900,202509,认沽,8/26/2025 0:00,9/19/2025 0:00,24,100,464.4,464.4,0.2795
8/26/2025,000300.SH,IO2509-P-4950.CFE,4950,202509,认沽,8/26/2025 0:00,9/19/2025 0:00,24,100,511.2,511.2,0.2855
8/26/2025,000300.SH,IO2510-C-3600.CFE,3600,202510,认购,8/4/2025 0:00,10/17/2025 0:00,52,100,849,856,0.289
8/26/2025,000300.SH,IO2510-C-3650.CFE,3650,202510,认购,7/21/2025 0:00,10/17/2025 0:00,52,100,795.6,803,0.2778
8/26/2025,000300.SH,IO2510-C-3700.CFE,3700,202510,认购,7/21/2025 0:00,10/17/2025 0:00,52,100,746.8,754.4,0.2744
8/26/2025,000300.SH,IO2510-C-3750.CFE,3750,202510,认购,7/21/2025 0:00,10/17/2025 0:00,52,100,729.2,705.8,0.3862
8/26/2025,000300.SH,IO2510-C-3800.CFE,3800,202510,认购,7/21/2025 0:00,10/17/2025 0:00,52,100,653.8,657.8,0.2419
8/26/2025,000300.SH,IO2510-C-3850.CFE,3850,202510,认购,7/21/2025 0:00,10/17/2025 0:00,52,100,613.6,609.6,0
8/26/2025,000300.SH,IO2510-C-3900.CFE,3900,202510,认购,7/21/2025 0:00,10/17/2025 0:00,52,100,571,562.2,0.2908
8/26/2025,000300.SH,IO2510-C-3950.CFE,3950,202510,认购,7/21/2025 0:00,10/17/2025 0:00,52,100,510.2,513.2,0.215
8/26/2025,000300.SH,IO2510-C-4000.CFE,4000,202510,认购,7/21/2025 0:00,10/17/2025 0:00,52,100,462.2,470.2,0.216
8/26/2025,000300.SH,IO2510-C-4050.CFE,4050,202510,认购,7/21/2025 0:00,10/17/2025 0:00,52,100,446.4,421.8,0.2951
8/26/2025,000300.SH,IO2510-C-4100.CFE,4100,202510,认购,7/21/2025 0:00,10/17/2025 0:00,52,100,387.8,378.8,0.2499
8/26/2025,000300.SH,IO2510-C-4150.CFE,4150,202510,认购,7/21/2025 0:00,10/17/2025 0:00,52,100,337.6,338.2,0.2253
8/26/2025,000300.SH,IO2510-C-4200.CFE,4200,202510,认购,7/21/2025 0:00,10/17/2025 0:00,52,100,300,300,0.227
8/26/2025,000300.SH,IO2510-C-4250.CFE,4250,202510,认购,7/21/2025 0:00,10/17/2025 0:00,52,100,263.8,263.8,0.2267
8/26/2025,000300.SH,IO2510-C-4300.CFE,4300,202510,认购,7/21/2025 0:00,10/17/2025 0:00,52,100,234,233.6,0.2331
8/26/2025,000300.SH,IO2510-C-4350.CFE,4350,202510,认购,7/21/2025 0:00,10/17/2025 0:00,52,100,201.6,202.4,0.2304
8/26/2025,000300.SH,IO2510-C-4400.CFE,4400,202510,认购,7/21/2025 0:00,10/17/2025 0:00,52,100,175,175,0.2328
8/26/2025,000300.SH,IO2510-C-4450.CFE,4450,202510,认购,7/21/2025 0:00,10/17/2025 0:00,52,100,151.6,151.6,0.236
8/26/2025,000300.SH,IO2510-C-4500.CFE,4500,202510,认购,7/21/2025 0:00,10/17/2025 0:00,52,100,132.8,131.4,0.2422
8/26/2025,000300.SH,IO2510-C-4550.CFE,4550,202510,认购,7/23/2025 0:00,10/17/2025 0:00,52,100,115,114.4,0.2462
8/26/2025,000300.SH,IO2510-C-4600.CFE,4600,202510,认购,7/25/2025 0:00,10/17/2025 0:00,52,100,99.8,99.6,0.2509
8/26/2025,000300.SH,IO2510-C-4650.CFE,4650,202510,认购,8/18/2025 0:00,10/17/2025 0:00,52,100,86.4,86.4,0.2552
8/26/2025,000300.SH,IO2510-C-4700.CFE,4700,202510,认购,8/19/2025 0:00,10/17/2025 0:00,52,100,74,74,0.2582
8/26/2025,000300.SH,IO2510-C-4750.CFE,4750,202510,认购,8/22/2025 0:00,10/17/2025 0:00,52,100,64.8,64.8,0.2641
8/26/2025,000300.SH,IO2510-C-4800.CFE,4800,202510,认购,8/25/2025 0:00,10/17/2025 0:00,52,100,56.8,56.6,0.2698
8/26/2025,000300.SH,IO2510-C-4850.CFE,4850,202510,认购,8/25/2025 0:00,10/17/2025 0:00,52,100,50.4,50.2,0.2766
8/26/2025,000300.SH,IO2510-C-4900.CFE,4900,202510,认购,8/26/2025 0:00,10/17/2025 0:00,52,100,43.6,43.8,0.2804
8/26/2025,000300.SH,IO2510-C-4950.CFE,4950,202510,认购,8/26/2025 0:00,10/17/2025 0:00,52,100,39.4,39.4,0.2883
8/26/2025,000300.SH,IO2510-P-3600.CFE,3600,202510,认沽,8/4/2025 0:00,10/17/2025 0:00,52,100,4,4,0.2977
8/26/2025,000300.SH,IO2510-P-3650.CFE,3650,202510,认沽,7/21/2025 0:00,10/17/2025 0:00,52,100,4.6,4.6,0.2876
8/26/2025,000300.SH,IO2510-P-3700.CFE,3700,202510,认沽,7/21/2025 0:00,10/17/2025 0:00,52,100,5.4,5.4,0.2785
8/26/2025,000300.SH,IO2510-P-3750.CFE,3750,202510,认沽,7/21/2025 0:00,10/17/2025 0:00,52,100,6.6,6.6,0.2707
8/26/2025,000300.SH,IO2510-P-3800.CFE,3800,202510,认沽,7/21/2025 0:00,10/17/2025 0:00,52,100,8,8,0.263
8/26/2025,000300.SH,IO2510-P-3850.CFE,3850,202510,认沽,7/21/2025 0:00,10/17/2025 0:00,52,100,9.4,9.4,0.2536
8/26/2025,000300.SH,IO2510-P-3900.CFE,3900,202510,认沽,7/21/2025 0:00,10/17/2025 0:00,52,100,12,12,0.2487
8/26/2025,000300.SH,IO2510-P-3950.CFE,3950,202510,认沽,7/21/2025 0:00,10/17/2025 0:00,52,100,15.4,15.4,0.2452
8/26/2025,000300.SH,IO2510-P-4000.CFE,4000,202510,认沽,7/21/2025 0:00,10/17/2025 0:00,52,100,19.8,19.4,0.2407
8/26/2025,000300.SH,IO2510-P-4050.CFE,4050,202510,认沽,7/21/2025 0:00,10/17/2025 0:00,52,100,25.2,25.2,0.2368
8/26/2025,000300.SH,IO2510-P-4100.CFE,4100,202510,认沽,7/21/2025 0:00,10/17/2025 0:00,52,100,31.8,31.8,0.2328
8/26/2025,000300.SH,IO2510-P-4150.CFE,4150,202510,认沽,7/21/2025 0:00,10/17/2025 0:00,52,100,39.6,39.6,0.2282
8/26/2025,000300.SH,IO2510-P-4200.CFE,4200,202510,认沽,7/21/2025 0:00,10/17/2025 0:00,52,100,50.4,50.4,0.2265
8/26/2025,000300.SH,IO2510-P-4250.CFE,4250,202510,认沽,7/21/2025 0:00,10/17/2025 0:00,52,100,64.4,64.4,0.2267
8/26/2025,000300.SH,IO2510-P-4300.CFE,4300,202510,认沽,7/21/2025 0:00,10/17/2025 0:00,52,100,81,82,0.2271
8/26/2025,000300.SH,IO2510-P-4350.CFE,4350,202510,认沽,7/21/2025 0:00,10/17/2025 0:00,52,100,100.6,100.6,0.2281
8/26/2025,000300.SH,IO2510-P-4400.CFE,4400,202510,认沽,7/21/2025 0:00,10/17/2025 0:00,52,100,124.2,123.8,0.2311
8/26/2025,000300.SH,IO2510-P-4450.CFE,4450,202510,认沽,7/21/2025 0:00,10/17/2025 0:00,52,100,151.8,151.8,0.236
8/26/2025,000300.SH,IO2510-P-4500.CFE,4500,202510,认沽,7/21/2025 0:00,10/17/2025 0:00,52,100,179.8,179.8,0.2374
8/26/2025,000300.SH,IO2510-P-4550.CFE,4550,202510,认沽,7/23/2025 0:00,10/17/2025 0:00,52,100,216.8,214.2,0.2491
8/26/2025,000300.SH,IO2510-P-4600.CFE,4600,202510,认沽,7/25/2025 0:00,10/17/2025 0:00,52,100,250.8,248.6,0.2526
8/26/2025,000300.SH,IO2510-P-4650.CFE,4650,202510,认沽,8/18/2025 0:00,10/17/2025 0:00,52,100,284.2,284.2,0.2517
8/26/2025,000300.SH,IO2510-P-4700.CFE,4700,202510,认沽,8/19/2025 0:00,10/17/2025 0:00,52,100,322.2,322.2,0.2554
8/26/2025,000300.SH,IO2510-P-4750.CFE,4750,202510,认沽,8/22/2025 0:00,10/17/2025 0:00,52,100,356.6,364.4,0.2753
8/26/2025,000300.SH,IO2510-P-4800.CFE,4800,202510,认沽,8/25/2025 0:00,10/17/2025 0:00,52,100,415,406.2,0
8/26/2025,000300.SH,IO2510-P-4850.CFE,4850,202510,认沽,8/25/2025 0:00,10/17/2025 0:00,52,100,440.8,449.2,0.2564
8/26/2025,000300.SH,IO2510-P-4900.CFE,4900,202510,认沽,8/26/2025 0:00,10/17/2025 0:00,52,100,502.2,493.4,0.2999
8/26/2025,000300.SH,IO2510-P-4950.CFE,4950,202510,认沽,8/26/2025 0:00,10/17/2025 0:00,52,100,527.4,537,0.2586
8/26/2025,000300.SH,IO2511-C-3750.CFE,3750,202511,认购,8/18/2025 0:00,11/21/2025 0:00,87,100,686.6,703,0
8/26/2025,000300.SH,IO2511-C-3800.CFE,3800,202511,认购,8/18/2025 0:00,11/21/2025 0:00,87,100,642.2,656.6,0
8/26/2025,000300.SH,IO2511-C-3850.CFE,3850,202511,认购,8/18/2025 0:00,11/21/2025 0:00,87,100,578,610.8,0
8/26/2025,000300.SH,IO2511-C-3900.CFE,3900,202511,认购,8/18/2025 0:00,11/21/2025 0:00,87,100,565,566,0
8/26/2025,000300.SH,IO2511-C-3950.CFE,3950,202511,认购,8/18/2025 0:00,11/21/2025 0:00,87,100,506.2,521.6,0
8/26/2025,000300.SH,IO2511-C-4000.CFE,4000,202511,认购,8/18/2025 0:00,11/21/2025 0:00,87,100,477.6,477,0.2114
8/26/2025,000300.SH,IO2511-C-4050.CFE,4050,202511,认购,8/18/2025 0:00,11/21/2025 0:00,87,100,456.4,437,0.2399
8/26/2025,000300.SH,IO2511-C-4100.CFE,4100,202511,认购,8/18/2025 0:00,11/21/2025 0:00,87,100,378,399,0
8/26/2025,000300.SH,IO2511-C-4150.CFE,4150,202511,认购,8/18/2025 0:00,11/21/2025 0:00,87,100,332,363.4,0
8/26/2025,000300.SH,IO2511-C-4200.CFE,4200,202511,认购,8/18/2025 0:00,11/21/2025 0:00,87,100,344,329.4,0.234
8/26/2025,000300.SH,IO2511-C-4250.CFE,4250,202511,认购,8/18/2025 0:00,11/21/2025 0:00,87,100,294.2,298.4,0.2116
8/26/2025,000300.SH,IO2511-C-4300.CFE,4300,202511,认购,8/18/2025 0:00,11/21/2025 0:00,87,100,263.8,268.6,0
8/26/2025,000300.SH,IO2511-C-4350.CFE,4350,202511,认购,8/18/2025 0:00,11/21/2025 0:00,87,100,242.8,241.8,0.2231
8/26/2025,000300.SH,IO2511-C-4400.CFE,4400,202511,认购,8/18/2025 0:00,11/21/2025 0:00,87,100,235.8,218,0.2467
8/26/2025,000300.SH,IO2511-C-4450.CFE,4450,202511,认购,8/18/2025 0:00,11/21/2025 0:00,87,100,195,198.6,0.2278
8/26/2025,000300.SH,IO2511-C-4500.CFE,4500,202511,认购,8/18/2025 0:00,11/21/2025 0:00,87,100,177.6,177.2,0.2341
8/26/2025,000300.SH,IO2511-C-4550.CFE,4550,202511,认购,8/18/2025 0:00,11/21/2025 0:00,87,100,159.8,159.8,0.2381
8/26/2025,000300.SH,IO2511-C-4600.CFE,4600,202511,认购,8/18/2025 0:00,11/21/2025 0:00,87,100,143.4,143.4,0.241
8/26/2025,000300.SH,IO2511-C-4650.CFE,4650,202511,认购,8/18/2025 0:00,11/21/2025 0:00,87,100,130.4,130.8,0.2463
8/26/2025,000300.SH,IO2511-C-4700.CFE,4700,202511,认购,8/19/2025 0:00,11/21/2025 0:00,87,100,117.4,117.4,0.2499
8/26/2025,000300.SH,IO2511-C-4750.CFE,4750,202511,认购,8/22/2025 0:00,11/21/2025 0:00,87,100,106.8,106.8,0.2549
8/26/2025,000300.SH,IO2511-C-4800.CFE,4800,202511,认购,8/25/2025 0:00,11/21/2025 0:00,87,100,96.2,96.2,0.2583
8/26/2025,000300.SH,IO2511-C-4850.CFE,4850,202511,认购,8/25/2025 0:00,11/21/2025 0:00,87,100,86,86,0.2607
8/26/2025,000300.SH,IO2511-C-4900.CFE,4900,202511,认购,8/26/2025 0:00,11/21/2025 0:00,87,100,91.4,79.8,0.2843
8/26/2025,000300.SH,IO2511-C-4950.CFE,4950,202511,认购,8/26/2025 0:00,11/21/2025 0:00,87,100,73.2,73.2,0.2725
8/26/2025,000300.SH,IO2511-P-3750.CFE,3750,202511,认沽,8/18/2025 0:00,11/21/2025 0:00,87,100,9,9,0.2155
8/26/2025,000300.SH,IO2511-P-3800.CFE,3800,202511,认沽,8/18/2025 0:00,11/21/2025 0:00,87,100,11.2,11.2,0.2115
8/26/2025,000300.SH,IO2511-P-3850.CFE,3850,202511,认沽,8/18/2025 0:00,11/21/2025 0:00,87,100,14.8,14.8,0.2107
8/26/2025,000300.SH,IO2511-P-3900.CFE,3900,202511,认沽,8/18/2025 0:00,11/21/2025 0:00,87,100,20,20,0.2118
8/26/2025,000300.SH,IO2511-P-3950.CFE,3950,202511,认沽,8/18/2025 0:00,11/21/2025 0:00,87,100,25.8,25,0.2113
8/26/2025,000300.SH,IO2511-P-4000.CFE,4000,202511,认沽,8/18/2025 0:00,11/21/2025 0:00,87,100,34.2,32.4,0.2136
8/26/2025,000300.SH,IO2511-P-4050.CFE,4050,202511,认沽,8/18/2025 0:00,11/21/2025 0:00,87,100,42.8,42.8,0.213
8/26/2025,000300.SH,IO2511-P-4100.CFE,4100,202511,认沽,8/18/2025 0:00,11/21/2025 0:00,87,100,52.4,53.2,0.2114
8/26/2025,000300.SH,IO2511-P-4150.CFE,4150,202511,认沽,8/18/2025 0:00,11/21/2025 0:00,87,100,67,67,0.215
8/26/2025,000300.SH,IO2511-P-4200.CFE,4200,202511,认沽,8/18/2025 0:00,11/21/2025 0:00,87,100,83.6,82.2,0.2181
8/26/2025,000300.SH,IO2511-P-4250.CFE,4250,202511,认沽,8/18/2025 0:00,11/21/2025 0:00,87,100,101,101,0.2193
8/26/2025,000300.SH,IO2511-P-4300.CFE,4300,202511,认沽,8/18/2025 0:00,11/21/2025 0:00,87,100,121.4,121.2,0.2216
8/26/2025,000300.SH,IO2511-P-4350.CFE,4350,202511,认沽,8/18/2025 0:00,11/21/2025 0:00,87,100,144.8,144.8,0.2245
8/26/2025,000300.SH,IO2511-P-4400.CFE,4400,202511,认沽,8/18/2025 0:00,11/21/2025 0:00,87,100,170.8,170.8,0.2284
8/26/2025,000300.SH,IO2511-P-4450.CFE,4450,202511,认沽,8/18/2025 0:00,11/21/2025 0:00,87,100,199,199,0.2321
8/26/2025,000300.SH,IO2511-P-4500.CFE,4500,202511,认沽,8/18/2025 0:00,11/21/2025 0:00,87,100,223.6,229.2,0.2293
8/26/2025,000300.SH,IO2511-P-4550.CFE,4550,202511,认沽,8/18/2025 0:00,11/21/2025 0:00,87,100,258.6,260.2,0.2364
8/26/2025,000300.SH,IO2511-P-4600.CFE,4600,202511,认沽,8/18/2025 0:00,11/21/2025 0:00,87,100,286.4,294.4,0.2328
8/26/2025,000300.SH,IO2511-P-4650.CFE,4650,202511,认沽,8/18/2025 0:00,11/21/2025 0:00,87,100,326,330.6,0.2413
8/26/2025,000300.SH,IO2511-P-4700.CFE,4700,202511,认沽,8/19/2025 0:00,11/21/2025 0:00,87,100,363.4,368.2,0.2455
8/26/2025,000300.SH,IO2511-P-4750.CFE,4750,202511,认沽,8/22/2025 0:00,11/21/2025 0:00,87,100,400.2,407.2,0.2471
8/26/2025,000300.SH,IO2511-P-4800.CFE,4800,202511,认沽,8/25/2025 0:00,11/21/2025 0:00,87,100,438.6,447.2,0.2491
8/26/2025,000300.SH,IO2511-P-4850.CFE,4850,202511,认沽,8/25/2025 0:00,11/21/2025 0:00,87,100,484,488.2,0.2593
8/26/2025,000300.SH,IO2511-P-4900.CFE,4900,202511,认沽,8/26/2025 0:00,11/21/2025 0:00,87,100,518.8,527.8,0.2802
8/26/2025,000300.SH,IO2511-P-4950.CFE,4950,202511,认沽,8/26/2025 0:00,11/21/2025 0:00,87,100,560.6,569.2,0.2548
8/26/2025,000300.SH,IO2512-C-3200.CFE,3200,202512,认购,4/8/2025 0:00,12/19/2025 0:00,115,100,1234.6,1238.2,0.2189
8/26/2025,000300.SH,IO2512-C-3300.CFE,3300,202512,认购,1/6/2025 0:00,12/19/2025 0:00,115,100,1160,1139.4,0.3554
8/26/2025,000300.SH,IO2512-C-3400.CFE,3400,202512,认购,1/3/2025 0:00,12/19/2025 0:00,115,100,1033.4,1042.2,0
8/26/2025,000300.SH,IO2512-C-3500.CFE,3500,202512,认购,12/23/2024 0:00,12/19/2025 0:00,115,100,949,945.4,0.2276
8/26/2025,000300.SH,IO2512-C-3600.CFE,3600,202512,认购,12/23/2024 0:00,12/19/2025 0:00,115,100,855.8,848.8,0.253
8/26/2025,000300.SH,IO2512-C-3700.CFE,3700,202512,认购,12/23/2024 0:00,12/19/2025 0:00,115,100,751.6,757,0.2112
8/26/2025,000300.SH,IO2512-C-3800.CFE,3800,202512,认购,12/23/2024 0:00,12/19/2025 0:00,115,100,668,661.8,0.217
8/26/2025,000300.SH,IO2512-C-3900.CFE,3900,202512,认购,12/23/2024 0:00,12/19/2025 0:00,115,100,598,580.6,0.2542
8/26/2025,000300.SH,IO2512-C-4000.CFE,4000,202512,认购,12/23/2024 0:00,12/19/2025 0:00,115,100,496.4,496.4,0.2184
8/26/2025,000300.SH,IO2512-C-4100.CFE,4100,202512,认购,12/23/2024 0:00,12/19/2025 0:00,115,100,420.6,420.6,0.2175
8/26/2025,000300.SH,IO2512-C-4200.CFE,4200,202512,认购,12/23/2024 0:00,12/19/2025 0:00,115,100,352,352,0.2175
8/26/2025,000300.SH,IO2512-C-4300.CFE,4300,202512,认购,12/23/2024 0:00,12/19/2025 0:00,115,100,294.2,293.8,0.2214
8/26/2025,000300.SH,IO2512-C-4400.CFE,4400,202512,认购,12/23/2024 0:00,12/19/2025 0:00,115,100,243.8,243.8,0.2251
8/26/2025,000300.SH,IO2512-C-4500.CFE,4500,202512,认购,3/17/2025 0:00,12/19/2025 0:00,115,100,202.4,202.8,0.2304
8/26/2025,000300.SH,IO2512-C-4600.CFE,4600,202512,认购,7/23/2025 0:00,12/19/2025 0:00,115,100,168.2,168.2,0.2363
8/26/2025,000300.SH,IO2512-C-4700.CFE,4700,202512,认购,8/18/2025 0:00,12/19/2025 0:00,115,100,139.4,139.4,0.2418
8/26/2025,000300.SH,IO2512-C-4800.CFE,4800,202512,认购,8/22/2025 0:00,12/19/2025 0:00,115,100,116,116,0.2478
8/26/2025,000300.SH,IO2512-C-4900.CFE,4900,202512,认购,8/25/2025 0:00,12/19/2025 0:00,115,100,96.6,96.6,0.2536
8/26/2025,000300.SH,IO2512-C-5000.CFE,5000,202512,认购,8/26/2025 0:00,12/19/2025 0:00,115,100,81.8,81.8,0.2608
8/26/2025,000300.SH,IO2512-P-3200.CFE,3200,202512,认沽,4/8/2025 0:00,12/19/2025 0:00,115,100,4.4,4.4,0.2837
8/26/2025,000300.SH,IO2512-P-3300.CFE,3300,202512,认沽,1/6/2025 0:00,12/19/2025 0:00,115,100,5.2,5.2,0.2673
8/26/2025,000300.SH,IO2512-P-3400.CFE,3400,202512,认沽,1/3/2025 0:00,12/19/2025 0:00,115,100,6.8,6.8,0.2553
8/26/2025,000300.SH,IO2512-P-3500.CFE,3500,202512,认沽,12/23/2024 0:00,12/19/2025 0:00,115,100,9.4,9.4,0.2459
8/26/2025,000300.SH,IO2512-P-3600.CFE,3600,202512,认沽,12/23/2024 0:00,12/19/2025 0:00,115,100,12.8,12.8,0.236
8/26/2025,000300.SH,IO2512-P-3700.CFE,3700,202512,认沽,12/23/2024 0:00,12/19/2025 0:00,115,100,18.6,19,0.2298
8/26/2025,000300.SH,IO2512-P-3800.CFE,3800,202512,认沽,12/23/2024 0:00,12/19/2025 0:00,115,100,28.2,27.4,0.2274
8/26/2025,000300.SH,IO2512-P-3900.CFE,3900,202512,认沽,12/23/2024 0:00,12/19/2025 0:00,115,100,41,39.4,0.2242
8/26/2025,000300.SH,IO2512-P-4000.CFE,4000,202512,认沽,12/23/2024 0:00,12/19/2025 0:00,115,100,57,57,0.2192
8/26/2025,000300.SH,IO2512-P-4100.CFE,4100,202512,认沽,12/23/2024 0:00,12/19/2025 0:00,115,100,81.8,81.8,0.2196
8/26/2025,000300.SH,IO2512-P-4200.CFE,4200,202512,认沽,12/23/2024 0:00,12/19/2025 0:00,115,100,114,114,0.2208
8/26/2025,000300.SH,IO2512-P-4300.CFE,4300,202512,认沽,12/23/2024 0:00,12/19/2025 0:00,115,100,153.2,156,0.2217
8/26/2025,000300.SH,IO2512-P-4400.CFE,4400,202512,认沽,12/23/2024 0:00,12/19/2025 0:00,115,100,208,202,0.2311
8/26/2025,000300.SH,IO2512-P-4500.CFE,4500,202512,认沽,3/17/2025 0:00,12/19/2025 0:00,115,100,259.6,259.6,0.2297
8/26/2025,000300.SH,IO2512-P-4600.CFE,4600,202512,认沽,7/23/2025 0:00,12/19/2025 0:00,115,100,328.8,323.4,0.2396
8/26/2025,000300.SH,IO2512-P-4700.CFE,4700,202512,认沽,8/18/2025 0:00,12/19/2025 0:00,115,100,395.6,394.8,0
8/26/2025,000300.SH,IO2512-P-4800.CFE,4800,202512,认沽,8/22/2025 0:00,12/19/2025 0:00,115,100,474.8,471.4,0
8/26/2025,000300.SH,IO2512-P-4900.CFE,4900,202512,认沽,8/25/2025 0:00,12/19/2025 0:00,115,100,551.4,550,0.2634
8/26/2025,000300.SH,IO2512-P-5000.CFE,5000,202512,认沽,8/26/2025 0:00,12/19/2025 0:00,115,100,634.6,634.2,0.2703
8/26/2025,000300.SH,IO2603-C-3200.CFE,3200,202603,认购,4/8/2025 0:00,3/20/2026 0:00,206,100,1229.8,1219.2,0.2638
8/26/2025,000300.SH,IO2603-C-3300.CFE,3300,202603,认购,4/8/2025 0:00,3/20/2026 0:00,206,100,1122.4,1124.6,0.2108
8/26/2025,000300.SH,IO2603-C-3400.CFE,3400,202603,认购,4/1/2025 0:00,3/20/2026 0:00,206,100,1030.2,1025.8,0.2189
8/26/2025,000300.SH,IO2603-C-3500.CFE,3500,202603,认购,3/24/2025 0:00,3/20/2026 0:00,206,100,938.6,938.6,0.2192
8/26/2025,000300.SH,IO2603-C-3600.CFE,3600,202603,认购,3/24/2025 0:00,3/20/2026 0:00,206,100,846.8,846.4,0.2137
8/26/2025,000300.SH,IO2603-C-3700.CFE,3700,202603,认购,3/24/2025 0:00,3/20/2026 0:00,206,100,760.8,761.2,0.2194
8/26/2025,000300.SH,IO2603-C-3800.CFE,3800,202603,认购,3/24/2025 0:00,3/20/2026 0:00,206,100,705,679.8,0.217
8/26/2025,000300.SH,IO2603-C-3900.CFE,3900,202603,认购,3/24/2025 0:00,3/20/2026 0:00,206,100,622,602.8,0.2169
8/26/2025,000300.SH,IO2603-C-4000.CFE,4000,202603,认购,3/24/2025 0:00,3/20/2026 0:00,206,100,529.2,529.2,0.2154
8/26/2025,000300.SH,IO2603-C-4100.CFE,4100,202603,认购,3/24/2025 0:00,3/20/2026 0:00,206,100,467.4,462.2,0.2197
8/26/2025,000300.SH,IO2603-C-4200.CFE,4200,202603,认购,3/24/2025 0:00,3/20/2026 0:00,206,100,405.8,405.8,0.2203
8/26/2025,000300.SH,IO2603-C-4300.CFE,4300,202603,认购,3/24/2025 0:00,3/20/2026 0:00,206,100,376.6,353,0.2261
8/26/2025,000300.SH,IO2603-C-4400.CFE,4400,202603,认购,3/24/2025 0:00,3/20/2026 0:00,206,100,312.8,312.8,0.2306
8/26/2025,000300.SH,IO2603-C-4500.CFE,4500,202603,认购,7/11/2025 0:00,3/20/2026 0:00,206,100,272.6,268.6,0.2342
8/26/2025,000300.SH,IO2603-C-4600.CFE,4600,202603,认购,7/23/2025 0:00,3/20/2026 0:00,206,100,233.2,237.4,0.2358
8/26/2025,000300.SH,IO2603-C-4700.CFE,4700,202603,认购,8/18/2025 0:00,3/20/2026 0:00,206,100,206,207.6,0.2422
8/26/2025,000300.SH,IO2603-C-4800.CFE,4800,202603,认购,8/22/2025 0:00,3/20/2026 0:00,206,100,189.8,187.2,0.253
8/26/2025,000300.SH,IO2603-C-4900.CFE,4900,202603,认购,8/25/2025 0:00,3/20/2026 0:00,206,100,163.8,162,0.2546
8/26/2025,000300.SH,IO2603-C-5000.CFE,5000,202603,认购,8/26/2025 0:00,3/20/2026 0:00,206,100,142.6,142.6,0.2575
8/26/2025,000300.SH,IO2603-P-3200.CFE,3200,202603,认沽,4/8/2025 0:00,3/20/2026 0:00,206,100,10.2,10.2,0.2433
8/26/2025,000300.SH,IO2603-P-3300.CFE,3300,202603,认沽,4/8/2025 0:00,3/20/2026 0:00,206,100,13.8,13.8,0.2372
8/26/2025,000300.SH,IO2603-P-3400.CFE,3400,202603,认沽,4/1/2025 0:00,3/20/2026 0:00,206,100,18.4,18.8,0.2309
8/26/2025,000300.SH,IO2603-P-3500.CFE,3500,202603,认沽,3/24/2025 0:00,3/20/2026 0:00,206,100,26.2,26.4,0.2288
8/26/2025,000300.SH,IO2603-P-3600.CFE,3600,202603,认沽,3/24/2025 0:00,3/20/2026 0:00,206,100,35,35,0.2241
8/26/2025,000300.SH,IO2603-P-3700.CFE,3700,202603,认沽,3/24/2025 0:00,3/20/2026 0:00,206,100,47.4,47.4,0.2212
8/26/2025,000300.SH,IO2603-P-3800.CFE,3800,202603,认沽,3/24/2025 0:00,3/20/2026 0:00,206,100,63.8,63.8,0.2193
8/26/2025,000300.SH,IO2603-P-3900.CFE,3900,202603,认沽,3/24/2025 0:00,3/20/2026 0:00,206,100,84.2,86.2,0.2205
8/26/2025,000300.SH,IO2603-P-4000.CFE,4000,202603,认沽,3/24/2025 0:00,3/20/2026 0:00,206,100,113,113.8,0.2195
8/26/2025,000300.SH,IO2603-P-4100.CFE,4100,202603,认沽,3/24/2025 0:00,3/20/2026 0:00,206,100,147.2,147.2,0.227
8/26/2025,000300.SH,IO2603-P-4200.CFE,4200,202603,认沽,3/24/2025 0:00,3/20/2026 0:00,206,100,187.8,187.8,0.2235
8/26/2025,000300.SH,IO2603-P-4300.CFE,4300,202603,认沽,3/24/2025 0:00,3/20/2026 0:00,206,100,234.8,234.8,0.2263
8/26/2025,000300.SH,IO2603-P-4400.CFE,4400,202603,认沽,3/24/2025 0:00,3/20/2026 0:00,206,100,289.4,288.6,0.2304
8/26/2025,000300.SH,IO2603-P-4500.CFE,4500,202603,认沽,7/11/2025 0:00,3/20/2026 0:00,206,100,340,352.2,0.2277
8/26/2025,000300.SH,IO2603-P-4600.CFE,4600,202603,认沽,7/23/2025 0:00,3/20/2026 0:00,206,100,414.8,417,0.2449
8/26/2025,000300.SH,IO2603-P-4700.CFE,4700,202603,认沽,8/18/2025 0:00,3/20/2026 0:00,206,100,480.6,482,0.2411
8/26/2025,000300.SH,IO2603-P-4800.CFE,4800,202603,认沽,8/22/2025 0:00,3/20/2026 0:00,206,100,548.8,555.2,0.2451
8/26/2025,000300.SH,IO2603-P-4900.CFE,4900,202603,认沽,8/25/2025 0:00,3/20/2026 0:00,206,100,617.8,633,0.2386
8/26/2025,000300.SH,IO2603-P-5000.CFE,5000,202603,认沽,8/26/2025 0:00,3/20/2026 0:00,206,100,722,713.8,0.2639
8/26/2025,000300.SH,IO2606-C-3400.CFE,3400,202606,认购,6/23/2025 0:00,6/19/2026 0:00,297,100,1053.2,1038.4,0.2067
8/26/2025,000300.SH,IO2606-C-3500.CFE,3500,202606,认购,6/23/2025 0:00,6/19/2026 0:00,297,100,969.2,953,0
8/26/2025,000300.SH,IO2606-C-3600.CFE,3600,202606,认购,6/23/2025 0:00,6/19/2026 0:00,297,100,882,868.6,0.2204
8/26/2025,000300.SH,IO2606-C-3700.CFE,3700,202606,认购,6/23/2025 0:00,6/19/2026 0:00,297,100,779.2,786.8,0
8/26/2025,000300.SH,IO2606-C-3800.CFE,3800,202606,认购,6/23/2025 0:00,6/19/2026 0:00,297,100,712.2,712.2,0.2136
8/26/2025,000300.SH,IO2606-C-3900.CFE,3900,202606,认购,6/23/2025 0:00,6/19/2026 0:00,297,100,656.2,639.2,0
8/26/2025,000300.SH,IO2606-C-4000.CFE,4000,202606,认购,6/23/2025 0:00,6/19/2026 0:00,297,100,578,579.6,0.2143
8/26/2025,000300.SH,IO2606-C-4100.CFE,4100,202606,认购,6/23/2025 0:00,6/19/2026 0:00,297,100,526,511.2,0.2142
8/26/2025,000300.SH,IO2606-C-4200.CFE,4200,202606,认购,6/23/2025 0:00,6/19/2026 0:00,297,100,459.8,456,0.2181
8/26/2025,000300.SH,IO2606-C-4300.CFE,4300,202606,认购,6/23/2025 0:00,6/19/2026 0:00,297,100,409.8,408,0.2193
8/26/2025,000300.SH,IO2606-C-4400.CFE,4400,202606,认购,6/26/2025 0:00,6/19/2026 0:00,297,100,363.2,365,0.221
8/26/2025,000300.SH,IO2606-C-4500.CFE,4500,202606,认购,7/11/2025 0:00,6/19/2026 0:00,297,100,324.4,332,0.2247
8/26/2025,000300.SH,IO2606-C-4600.CFE,4600,202606,认购,7/23/2025 0:00,6/19/2026 0:00,297,100,289.4,292,0.2281
8/26/2025,000300.SH,IO2606-C-4700.CFE,4700,202606,认购,8/18/2025 0:00,6/19/2026 0:00,297,100,258.8,256.6,0.2318
8/26/2025,000300.SH,IO2606-C-4800.CFE,4800,202606,认购,8/22/2025 0:00,6/19/2026 0:00,297,100,233.2,233.2,0.2365
8/26/2025,000300.SH,IO2606-C-4900.CFE,4900,202606,认购,8/25/2025 0:00,6/19/2026 0:00,297,100,211.6,208,0.2419
8/26/2025,000300.SH,IO2606-C-5000.CFE,5000,202606,认购,8/26/2025 0:00,6/19/2026 0:00,297,100,190.2,190.2,0.2455
8/26/2025,000300.SH,IO2606-P-3400.CFE,3400,202606,认沽,6/23/2025 0:00,6/19/2026 0:00,297,100,34,34.2,0.2226
8/26/2025,000300.SH,IO2606-P-3500.CFE,3500,202606,认沽,6/23/2025 0:00,6/19/2026 0:00,297,100,44,45,0.2189
8/26/2025,000300.SH,IO2606-P-3600.CFE,3600,202606,认沽,6/23/2025 0:00,6/19/2026 0:00,297,100,60.2,60.2,0.2201
8/26/2025,000300.SH,IO2606-P-3700.CFE,3700,202606,认沽,6/23/2025 0:00,6/19/2026 0:00,297,100,75.6,75.8,0
8/26/2025,000300.SH,IO2606-P-3800.CFE,3800,202606,认沽,6/23/2025 0:00,6/19/2026 0:00,297,100,99,98.2,0.2155
8/26/2025,000300.SH,IO2606-P-3900.CFE,3900,202606,认沽,6/23/2025 0:00,6/19/2026 0:00,297,100,124,124,0.216
8/26/2025,000300.SH,IO2606-P-4000.CFE,4000,202606,认沽,6/23/2025 0:00,6/19/2026 0:00,297,100,154.4,154.4,0.214
8/26/2025,000300.SH,IO2606-P-4100.CFE,4100,202606,认沽,6/23/2025 0:00,6/19/2026 0:00,297,100,195,195,0.217
8/26/2025,000300.SH,IO2606-P-4200.CFE,4200,202606,认沽,6/23/2025 0:00,6/19/2026 0:00,297,100,230.2,236.4,0.219
8/26/2025,000300.SH,IO2606-P-4300.CFE,4300,202606,认沽,6/23/2025 0:00,6/19/2026 0:00,297,100,275.2,285.2,0.2201
8/26/2025,000300.SH,IO2606-P-4400.CFE,4400,202606,认沽,6/26/2025 0:00,6/19/2026 0:00,297,100,332.8,340.6,0.225
8/26/2025,000300.SH,IO2606-P-4500.CFE,4500,202606,认沽,7/11/2025 0:00,6/19/2026 0:00,297,100,399.8,399.8,0.2262
8/26/2025,000300.SH,IO2606-P-4600.CFE,4600,202606,认沽,7/23/2025 0:00,6/19/2026 0:00,297,100,462.2,462.2,0.2288
8/26/2025,000300.SH,IO2606-P-4700.CFE,4700,202606,认沽,8/18/2025 0:00,6/19/2026 0:00,297,100,532.4,532.8,0.2365
8/26/2025,000300.SH,IO2606-P-4800.CFE,4800,202606,认沽,8/22/2025 0:00,6/19/2026 0:00,297,100,599.8,602.6,0.2375
8/26/2025,000300.SH,IO2606-P-4900.CFE,4900,202606,认沽,8/25/2025 0:00,6/19/2026 0:00,297,100,676.4,677.4,0.2424
8/26/2025,000300.SH,IO2606-P-5000.CFE,5000,202606,认沽,8/26/2025 0:00,6/19/2026 0:00,297,100,745,755,0.2398
8/26/2025,000852.SH,MO2509-C-4000.CFE,4000,202509,认购,9/23/2024 0:00,9/19/2025 0:00,24,100,3409,3439.6,0
8/26/2025,000852.SH,MO2509-C-4100.CFE,4100,202509,认购,9/23/2024 0:00,9/19/2025 0:00,24,100,3318.4,3339.6,0
8/26/2025,000852.SH,MO2509-C-4200.CFE,4200,202509,认购,9/23/2024 0:00,9/19/2025 0:00,24,100,3221.4,3239.8,0
8/26/2025,000852.SH,MO2509-C-4300.CFE,4300,202509,认购,9/23/2024 0:00,9/19/2025 0:00,24,100,3163,3139.8,1.2594
8/26/2025,000852.SH,MO2509-C-4400.CFE,4400,202509,认购,9/23/2024 0:00,9/19/2025 0:00,24,100,2982.2,3040,0
8/26/2025,000852.SH,MO2509-C-4500.CFE,4500,202509,认购,9/23/2024 0:00,9/19/2025 0:00,24,100,2870,2940,0
8/26/2025,000852.SH,MO2509-C-4600.CFE,4600,202509,认购,9/23/2024 0:00,9/19/2025 0:00,24,100,2840,2840.2,0
8/26/2025,000852.SH,MO2509-C-4700.CFE,4700,202509,认购,9/23/2024 0:00,9/19/2025 0:00,24,100,2770.8,2740.2,1.1212
8/26/2025,000852.SH,MO2509-C-4800.CFE,4800,202509,认购,9/23/2024 0:00,9/19/2025 0:00,24,100,2650.6,2640.4,0
8/26/2025,000852.SH,MO2509-C-4900.CFE,4900,202509,认购,9/23/2024 0:00,9/19/2025 0:00,24,100,2519.2,2540.4,0
8/26/2025,000852.SH,MO2509-C-5000.CFE,5000,202509,认购,9/23/2024 0:00,9/19/2025 0:00,24,100,2435,2440.6,0
8/26/2025,000852.SH,MO2509-C-5200.CFE,5200,202509,认购,9/25/2024 0:00,9/19/2025 0:00,24,100,2250,2241,0.814
8/26/2025,000852.SH,MO2509-C-5300.CFE,5300,202509,认购,6/23/2025 0:00,9/19/2025 0:00,24,100,2089,2141.2,0
8/26/2025,000852.SH,MO2509-C-5400.CFE,5400,202509,认购,9/27/2024 0:00,9/19/2025 0:00,24,100,2071.6,2041.4,0.8359
8/26/2025,000852.SH,MO2509-C-5500.CFE,5500,202509,认购,6/23/2025 0:00,9/19/2025 0:00,24,100,1957.2,1941.6,0.7386
8/26/2025,000852.SH,MO2509-C-5600.CFE,5600,202509,认购,9/30/2024 0:00,9/19/2025 0:00,24,100,1823.2,1841.8,0
8/26/2025,000852.SH,MO2509-C-5700.CFE,5700,202509,认购,6/23/2025 0:00,9/19/2025 0:00,24,100,1685.4,1742.2,0
8/26/2025,000852.SH,MO2509-C-5800.CFE,5800,202509,认购,9/30/2024 0:00,9/19/2025 0:00,24,100,1675,1642.6,0.6946
8/26/2025,000852.SH,MO2509-C-5900.CFE,5900,202509,认购,6/23/2025 0:00,9/19/2025 0:00,24,100,1559,1543.2,0.6023
8/26/2025,000852.SH,MO2509-C-6000.CFE,6000,202509,认购,10/8/2024 0:00,9/19/2025 0:00,24,100,1428,1444,0.4141
8/26/2025,000852.SH,MO2509-C-6100.CFE,6100,202509,认购,6/23/2025 0:00,9/19/2025 0:00,24,100,1321.6,1345,0.3134
8/26/2025,000852.SH,MO2509-C-6200.CFE,6200,202509,认购,10/8/2024 0:00,9/19/2025 0:00,24,100,1224.4,1246.2,0.3265
8/26/2025,000852.SH,MO2509-C-6300.CFE,6300,202509,认购,6/23/2025 0:00,9/19/2025 0:00,24,100,1122.6,1148,0.2796
8/26/2025,000852.SH,MO2509-C-6400.CFE,6400,202509,认购,10/8/2024 0:00,9/19/2025 0:00,24,100,1026,1050.4,0.2885
8/26/2025,000852.SH,MO2509-C-6500.CFE,6500,202509,认购,6/23/2025 0:00,9/19/2025 0:00,24,100,934,953.6,0.3078
8/26/2025,000852.SH,MO2509-C-6600.CFE,6600,202509,认购,10/9/2024 0:00,9/19/2025 0:00,24,100,835,858.2,0.283
8/26/2025,000852.SH,MO2509-C-6700.CFE,6700,202509,认购,6/24/2025 0:00,9/19/2025 0:00,24,100,738.4,764.4,0.2663
8/26/2025,000852.SH,MO2509-C-6800.CFE,6800,202509,认购,10/9/2024 0:00,9/19/2025 0:00,24,100,650,647.6,0.2697
8/26/2025,000852.SH,MO2509-C-6900.CFE,6900,202509,认购,6/25/2025 0:00,9/19/2025 0:00,24,100,561.4,561.4,0.2626
8/26/2025,000852.SH,MO2509-C-7000.CFE,7000,202509,认购,10/9/2024 0:00,9/19/2025 0:00,24,100,480.2,480.2,0.2622
8/26/2025,000852.SH,MO2509-C-7100.CFE,7100,202509,认购,7/2/2025 0:00,9/19/2025 0:00,24,100,404,402,0.2606
8/26/2025,000852.SH,MO2509-C-7200.CFE,7200,202509,认购,11/8/2024 0:00,9/19/2025 0:00,24,100,333.8,333.8,0.2585
8/26/2025,000852.SH,MO2509-C-7300.CFE,7300,202509,认购,7/21/2025 0:00,9/19/2025 0:00,24,100,269.6,269.6,0.2551
8/26/2025,000852.SH,MO2509-C-7400.CFE,7400,202509,认购,11/12/2024 0:00,9/19/2025 0:00,24,100,217.8,217.8,0.2579
8/26/2025,000852.SH,MO2509-C-7500.CFE,7500,202509,认购,7/29/2025 0:00,9/19/2025 0:00,24,100,174,174,0.261
8/26/2025,000852.SH,MO2509-C-7600.CFE,7600,202509,认购,8/7/2025 0:00,9/19/2025 0:00,24,100,137.2,137.2,0.2639
8/26/2025,000852.SH,MO2509-C-7700.CFE,7700,202509,认购,8/12/2025 0:00,9/19/2025 0:00,24,100,106.6,106.6,0.2663
8/26/2025,000852.SH,MO2509-C-7800.CFE,7800,202509,认购,8/14/2025 0:00,9/19/2025 0:00,24,100,83.6,83.6,0.2713
8/26/2025,000852.SH,MO2509-C-7900.CFE,7900,202509,认购,8/18/2025 0:00,9/19/2025 0:00,24,100,65,65,0.2758
8/26/2025,000852.SH,MO2509-C-8000.CFE,8000,202509,认购,8/19/2025 0:00,9/19/2025 0:00,24,100,50.2,50.2,0.2801
8/26/2025,000852.SH,MO2509-C-8100.CFE,8100,202509,认购,8/21/2025 0:00,9/19/2025 0:00,24,100,38.6,38.6,0.2843
8/26/2025,000852.SH,MO2509-C-8200.CFE,8200,202509,认购,8/26/2025 0:00,9/19/2025 0:00,24,100,29,29,0.287
8/26/2025,000852.SH,MO2509-C-8300.CFE,8300,202509,认购,8/26/2025 0:00,9/19/2025 0:00,24,100,22.6,22.6,0.2927
8/26/2025,000852.SH,MO2509-P-4000.CFE,4000,202509,认沽,9/23/2024 0:00,9/19/2025 0:00,24,100,1,1,0.8185
8/26/2025,000852.SH,MO2509-P-4100.CFE,4100,202509,认沽,9/23/2024 0:00,9/19/2025 0:00,24,100,1,1,0.7879
8/26/2025,000852.SH,MO2509-P-4200.CFE,4200,202509,认沽,9/23/2024 0:00,9/19/2025 0:00,24,100,1,1,0.7581
8/26/2025,000852.SH,MO2509-P-4300.CFE,4300,202509,认沽,9/23/2024 0:00,9/19/2025 0:00,24,100,1,1,0.7289
8/26/2025,000852.SH,MO2509-P-4400.CFE,4400,202509,认沽,9/23/2024 0:00,9/19/2025 0:00,24,100,1,1,0.7003
8/26/2025,000852.SH,MO2509-P-4500.CFE,4500,202509,认沽,9/23/2024 0:00,9/19/2025 0:00,24,100,1,1,0.6724
8/26/2025,000852.SH,MO2509-P-4600.CFE,4600,202509,认沽,9/23/2024 0:00,9/19/2025 0:00,24,100,1.2,1.2,0.6575
8/26/2025,000852.SH,MO2509-P-4700.CFE,4700,202509,认沽,9/23/2024 0:00,9/19/2025 0:00,24,100,1.2,1.2,0.6298
8/26/2025,000852.SH,MO2509-P-4800.CFE,4800,202509,认沽,9/23/2024 0:00,9/19/2025 0:00,24,100,1.2,1.2,0.6031
8/26/2025,000852.SH,MO2509-P-4900.CFE,4900,202509,认沽,9/23/2024 0:00,9/19/2025 0:00,24,100,1.4,1.4,0.5867
8/26/2025,000852.SH,MO2509-P-5000.CFE,5000,202509,认沽,9/23/2024 0:00,9/19/2025 0:00,24,100,1.4,1.4,0.5606
8/26/2025,000852.SH,MO2509-P-5200.CFE,5200,202509,认沽,9/25/2024 0:00,9/19/2025 0:00,24,100,1.4,1.4,0.5093
8/26/2025,000852.SH,MO2509-P-5300.CFE,5300,202509,认沽,6/23/2025 0:00,9/19/2025 0:00,24,100,1.6,1.6,0.4917
8/26/2025,000852.SH,MO2509-P-5400.CFE,5400,202509,认沽,9/27/2024 0:00,9/19/2025 0:00,24,100,1.8,1.8,0.4733
8/26/2025,000852.SH,MO2509-P-5500.CFE,5500,202509,认沽,6/23/2025 0:00,9/19/2025 0:00,24,100,2,2,0.4543
8/26/2025,000852.SH,MO2509-P-5600.CFE,5600,202509,认沽,9/30/2024 0:00,9/19/2025 0:00,24,100,2.4,2.4,0.4398
8/26/2025,000852.SH,MO2509-P-5700.CFE,5700,202509,认沽,6/23/2025 0:00,9/19/2025 0:00,24,100,2.4,2.4,0.4147
8/26/2025,000852.SH,MO2509-P-5800.CFE,5800,202509,认沽,9/30/2024 0:00,9/19/2025 0:00,24,100,2.6,2.6,0.3943
8/26/2025,000852.SH,MO2509-P-5900.CFE,5900,202509,认沽,6/23/2025 0:00,9/19/2025 0:00,24,100,2.8,2.8,0.3736
8/26/2025,000852.SH,MO2509-P-6000.CFE,6000,202509,认沽,10/8/2024 0:00,9/19/2025 0:00,24,100,3.4,3.4,0.3588
8/26/2025,000852.SH,MO2509-P-6100.CFE,6100,202509,认沽,6/23/2025 0:00,9/19/2025 0:00,24,100,4.2,4.2,0.3447
8/26/2025,000852.SH,MO2509-P-6200.CFE,6200,202509,认沽,10/8/2024 0:00,9/19/2025 0:00,24,100,4.6,4.6,0.3243
8/26/2025,000852.SH,MO2509-P-6300.CFE,6300,202509,认沽,6/23/2025 0:00,9/19/2025 0:00,24,100,5.4,5.4,0.3071
8/26/2025,000852.SH,MO2509-P-6400.CFE,6400,202509,认沽,10/8/2024 0:00,9/19/2025 0:00,24,100,7,7,0.2945
8/26/2025,000852.SH,MO2509-P-6500.CFE,6500,202509,认沽,6/23/2025 0:00,9/19/2025 0:00,24,100,11,11,0.2925
8/26/2025,000852.SH,MO2509-P-6600.CFE,6600,202509,认沽,10/9/2024 0:00,9/19/2025 0:00,24,100,14.2,14.2,0.2796
8/26/2025,000852.SH,MO2509-P-6700.CFE,6700,202509,认沽,6/24/2025 0:00,9/19/2025 0:00,24,100,20,20,0.2721
8/26/2025,000852.SH,MO2509-P-6800.CFE,6800,202509,认沽,10/9/2024 0:00,9/19/2025 0:00,24,100,28.6,28.6,0.2665
8/26/2025,000852.SH,MO2509-P-6900.CFE,6900,202509,认沽,6/25/2025 0:00,9/19/2025 0:00,24,100,41.4,41.4,0.2633
8/26/2025,000852.SH,MO2509-P-7000.CFE,7000,202509,认沽,10/9/2024 0:00,9/19/2025 0:00,24,100,59.8,59.8,0.2622
8/26/2025,000852.SH,MO2509-P-7100.CFE,7100,202509,认沽,7/2/2025 0:00,9/19/2025 0:00,24,100,82.2,82.2,0.2586
8/26/2025,000852.SH,MO2509-P-7200.CFE,7200,202509,认沽,11/8/2024 0:00,9/19/2025 0:00,24,100,113,113,0.2582
8/26/2025,000852.SH,MO2509-P-7300.CFE,7300,202509,认沽,7/21/2025 0:00,9/19/2025 0:00,24,100,149.8,149.8,0.2562
8/26/2025,000852.SH,MO2509-P-7400.CFE,7400,202509,认沽,11/12/2024 0:00,9/19/2025 0:00,24,100,197,197,0.2579
8/26/2025,000852.SH,MO2509-P-7500.CFE,7500,202509,认沽,7/29/2025 0:00,9/19/2025 0:00,24,100,251,251,0.2584
8/26/2025,000852.SH,MO2509-P-7600.CFE,7600,202509,认沽,8/7/2025 0:00,9/19/2025 0:00,24,100,313.8,314,0.2608
8/26/2025,000852.SH,MO2509-P-7700.CFE,7700,202509,认沽,8/12/2025 0:00,9/19/2025 0:00,24,100,382.2,382.6,0.2617
8/26/2025,000852.SH,MO2509-P-7800.CFE,7800,202509,认沽,8/14/2025 0:00,9/19/2025 0:00,24,100,468.2,462.4,0.28
8/26/2025,000852.SH,MO2509-P-7900.CFE,7900,202509,认沽,8/18/2025 0:00,9/19/2025 0:00,24,100,542.4,542.4,0.2736
8/26/2025,000852.SH,MO2509-P-8000.CFE,8000,202509,认沽,8/19/2025 0:00,9/19/2025 0:00,24,100,624.8,624.8,0.2722
8/26/2025,000852.SH,MO2509-P-8100.CFE,8100,202509,认沽,8/21/2025 0:00,9/19/2025 0:00,24,100,714.4,714.4,0.2782
8/26/2025,000852.SH,MO2509-P-8200.CFE,8200,202509,认沽,8/26/2025 0:00,9/19/2025 0:00,24,100,797.2,808.8,0.3122
8/26/2025,000852.SH,MO2509-P-8300.CFE,8300,202509,认沽,8/26/2025 0:00,9/19/2025 0:00,24,100,874.4,901.6,0.3
8/26/2025,000852.SH,MO2510-C-5800.CFE,5800,202510,认购,7/21/2025 0:00,10/17/2025 0:00,52,100,1601.2,1593.2,0
8/26/2025,000852.SH,MO2510-C-5900.CFE,5900,202510,认购,7/21/2025 0:00,10/17/2025 0:00,52,100,1516.8,1495.2,0.314
8/26/2025,000852.SH,MO2510-C-6000.CFE,6000,202510,认购,7/21/2025 0:00,10/17/2025 0:00,52,100,1380.6,1397.6,0.3124
8/26/2025,000852.SH,MO2510-C-6100.CFE,6100,202510,认购,7/21/2025 0:00,10/17/2025 0:00,52,100,1267,1300.6,0
8/26/2025,000852.SH,MO2510-C-6200.CFE,6200,202510,认购,7/21/2025 0:00,10/17/2025 0:00,52,100,1184.6,1187.2,0
8/26/2025,000852.SH,MO2510-C-6300.CFE,6300,202510,认购,7/21/2025 0:00,10/17/2025 0:00,52,100,1120,1089.8,0.3533
8/26/2025,000852.SH,MO2510-C-6400.CFE,6400,202510,认购,7/21/2025 0:00,10/17/2025 0:00,52,100,1000,996.4,0.2802
8/26/2025,000852.SH,MO2510-C-6500.CFE,6500,202510,认购,7/21/2025 0:00,10/17/2025 0:00,52,100,945.4,904.8,0.3456
8/26/2025,000852.SH,MO2510-C-6600.CFE,6600,202510,认购,7/21/2025 0:00,10/17/2025 0:00,52,100,831,815.6,0.2929
8/26/2025,000852.SH,MO2510-C-6700.CFE,6700,202510,认购,7/21/2025 0:00,10/17/2025 0:00,52,100,760,737.4,0.3089
8/26/2025,000852.SH,MO2510-C-6800.CFE,6800,202510,认购,7/21/2025 0:00,10/17/2025 0:00,52,100,642.4,647.8,0.2539
8/26/2025,000852.SH,MO2510-C-6900.CFE,6900,202510,认购,7/21/2025 0:00,10/17/2025 0:00,52,100,570,570,0.2601
8/26/2025,000852.SH,MO2510-C-7000.CFE,7000,202510,认购,7/21/2025 0:00,10/17/2025 0:00,52,100,502.4,502.4,0.2649
8/26/2025,000852.SH,MO2510-C-7100.CFE,7100,202510,认购,7/21/2025 0:00,10/17/2025 0:00,52,100,431.2,433.2,0.2597
8/26/2025,000852.SH,MO2510-C-7200.CFE,7200,202510,认购,7/21/2025 0:00,10/17/2025 0:00,52,100,374,374,0.2635
8/26/2025,000852.SH,MO2510-C-7300.CFE,7300,202510,认购,7/21/2025 0:00,10/17/2025 0:00,52,100,320.6,320.6,0.2652
8/26/2025,000852.SH,MO2510-C-7400.CFE,7400,202510,认购,7/23/2025 0:00,10/17/2025 0:00,52,100,276,276,0.2697
8/26/2025,000852.SH,MO2510-C-7500.CFE,7500,202510,认购,7/29/2025 0:00,10/17/2025 0:00,52,100,235.6,235.6,0.273
8/26/2025,000852.SH,MO2510-C-7600.CFE,7600,202510,认购,8/7/2025 0:00,10/17/2025 0:00,52,100,202,202,0.278
8/26/2025,000852.SH,MO2510-C-7700.CFE,7700,202510,认购,8/12/2025 0:00,10/17/2025 0:00,52,100,170.4,170.4,0.2804
8/26/2025,000852.SH,MO2510-C-7800.CFE,7800,202510,认购,8/14/2025 0:00,10/17/2025 0:00,52,100,145.4,145.4,0.2852
8/26/2025,000852.SH,MO2510-C-7900.CFE,7900,202510,认购,8/18/2025 0:00,10/17/2025 0:00,52,100,124,124,0.29
8/26/2025,000852.SH,MO2510-C-8000.CFE,8000,202510,认购,8/19/2025 0:00,10/17/2025 0:00,52,100,106.2,106.2,0.2953
8/26/2025,000852.SH,MO2510-C-8100.CFE,8100,202510,认购,8/21/2025 0:00,10/17/2025 0:00,52,100,90.2,89.4,0.2995
8/26/2025,000852.SH,MO2510-C-8200.CFE,8200,202510,认购,8/26/2025 0:00,10/17/2025 0:00,52,100,77.8,77.8,0.3053
8/26/2025,000852.SH,MO2510-C-8300.CFE,8300,202510,认购,8/26/2025 0:00,10/17/2025 0:00,52,100,66.6,66.2,0.3101
8/26/2025,000852.SH,MO2510-P-5800.CFE,5800,202510,认沽,7/21/2025 0:00,10/17/2025 0:00,52,100,9.4,9.4,0.3504
8/26/2025,000852.SH,MO2510-P-5900.CFE,5900,202510,认沽,7/21/2025 0:00,10/17/2025 0:00,52,100,10.6,10.6,0.3361
8/26/2025,000852.SH,MO2510-P-6000.CFE,6000,202510,认沽,7/21/2025 0:00,10/17/2025 0:00,52,100,13.2,13.2,0.3277
8/26/2025,000852.SH,MO2510-P-6100.CFE,6100,202510,认沽,7/21/2025 0:00,10/17/2025 0:00,52,100,14.2,15.2,0.3102
8/26/2025,000852.SH,MO2510-P-6200.CFE,6200,202510,认沽,7/21/2025 0:00,10/17/2025 0:00,52,100,18,18,0.3027
8/26/2025,000852.SH,MO2510-P-6300.CFE,6300,202510,认沽,7/21/2025 0:00,10/17/2025 0:00,52,100,23.2,23.2,0.2966
8/26/2025,000852.SH,MO2510-P-6400.CFE,6400,202510,认沽,7/21/2025 0:00,10/17/2025 0:00,52,100,28.4,28,0.287
8/26/2025,000852.SH,MO2510-P-6500.CFE,6500,202510,认沽,7/21/2025 0:00,10/17/2025 0:00,52,100,36.8,36.8,0.2819
8/26/2025,000852.SH,MO2510-P-6600.CFE,6600,202510,认沽,7/21/2025 0:00,10/17/2025 0:00,52,100,46.8,46.8,0.2758
8/26/2025,000852.SH,MO2510-P-6700.CFE,6700,202510,认沽,7/21/2025 0:00,10/17/2025 0:00,52,100,60,60,0.271
8/26/2025,000852.SH,MO2510-P-6800.CFE,6800,202510,认沽,7/21/2025 0:00,10/17/2025 0:00,52,100,77.4,77.4,0.2679
8/26/2025,000852.SH,MO2510-P-6900.CFE,6900,202510,认沽,7/21/2025 0:00,10/17/2025 0:00,52,100,100,100,0.2664
8/26/2025,000852.SH,MO2510-P-7000.CFE,7000,202510,认沽,7/21/2025 0:00,10/17/2025 0:00,52,100,128,128,0.2659
8/26/2025,000852.SH,MO2510-P-7100.CFE,7100,202510,认沽,7/21/2025 0:00,10/17/2025 0:00,52,100,161.4,161.4,0.2656
8/26/2025,000852.SH,MO2510-P-7200.CFE,7200,202510,认沽,7/21/2025 0:00,10/17/2025 0:00,52,100,200.2,201.6,0.2653
8/26/2025,000852.SH,MO2510-P-7300.CFE,7300,202510,认沽,7/21/2025 0:00,10/17/2025 0:00,52,100,247.4,247.4,0.2676
8/26/2025,000852.SH,MO2510-P-7400.CFE,7400,202510,认沽,7/23/2025 0:00,10/17/2025 0:00,52,100,300,300,0.2697
8/26/2025,000852.SH,MO2510-P-7500.CFE,7500,202510,认沽,7/29/2025 0:00,10/17/2025 0:00,52,100,361.8,361.8,0.2753
8/26/2025,000852.SH,MO2510-P-7600.CFE,7600,202510,认沽,8/7/2025 0:00,10/17/2025 0:00,52,100,424.2,424.2,0.2766
8/26/2025,000852.SH,MO2510-P-7700.CFE,7700,202510,认沽,8/12/2025 0:00,10/17/2025 0:00,52,100,494.6,497,0.2811
8/26/2025,000852.SH,MO2510-P-7800.CFE,7800,202510,认沽,8/14/2025 0:00,10/17/2025 0:00,52,100,567.8,571.4,0.2842
8/26/2025,000852.SH,MO2510-P-7900.CFE,7900,202510,认沽,8/18/2025 0:00,10/17/2025 0:00,52,100,629,649.6,0.2693
8/26/2025,000852.SH,MO2510-P-8000.CFE,8000,202510,认沽,8/19/2025 0:00,10/17/2025 0:00,52,100,717.6,730.8,0.2812
8/26/2025,000852.SH,MO2510-P-8100.CFE,8100,202510,认沽,8/21/2025 0:00,10/17/2025 0:00,52,100,821.4,815.6,0.3103
8/26/2025,000852.SH,MO2510-P-8200.CFE,8200,202510,认沽,8/26/2025 0:00,10/17/2025 0:00,52,100,875.2,902.4,0.2676
8/26/2025,000852.SH,MO2510-P-8300.CFE,8300,202510,认沽,8/26/2025 0:00,10/17/2025 0:00,52,100,956,991.4,0.3151
8/26/2025,000852.SH,MO2511-C-6400.CFE,6400,202511,认购,8/18/2025 0:00,11/21/2025 0:00,87,100,1021.8,986.6,0.2553
8/26/2025,000852.SH,MO2511-C-6500.CFE,6500,202511,认购,8/18/2025 0:00,11/21/2025 0:00,87,100,948.8,902.6,0.2668
8/26/2025,000852.SH,MO2511-C-6600.CFE,6600,202511,认购,8/18/2025 0:00,11/21/2025 0:00,87,100,796.8,821.8,0
8/26/2025,000852.SH,MO2511-C-6700.CFE,6700,202511,认购,8/18/2025 0:00,11/21/2025 0:00,87,100,748.4,744.8,0.2627
8/26/2025,000852.SH,MO2511-C-6800.CFE,6800,202511,认购,8/18/2025 0:00,11/21/2025 0:00,87,100,694.4,672.2,0.2747
8/26/2025,000852.SH,MO2511-C-6900.CFE,6900,202511,认购,8/18/2025 0:00,11/21/2025 0:00,87,100,655,604,0.2968
8/26/2025,000852.SH,MO2511-C-7000.CFE,7000,202511,认购,8/18/2025 0:00,11/21/2025 0:00,87,100,588.8,541.4,0.2931
8/26/2025,000852.SH,MO2511-C-7100.CFE,7100,202511,认购,8/18/2025 0:00,11/21/2025 0:00,87,100,473.2,482.8,0.2502
8/26/2025,000852.SH,MO2511-C-7200.CFE,7200,202511,认购,8/18/2025 0:00,11/21/2025 0:00,87,100,428.4,428.4,0.258
8/26/2025,000852.SH,MO2511-C-7300.CFE,7300,202511,认购,8/18/2025 0:00,11/21/2025 0:00,87,100,380.2,380.2,0.2598
8/26/2025,000852.SH,MO2511-C-7400.CFE,7400,202511,认购,8/18/2025 0:00,11/21/2025 0:00,87,100,336.2,336.2,0.2613
8/26/2025,000852.SH,MO2511-C-7500.CFE,7500,202511,认购,8/18/2025 0:00,11/21/2025 0:00,87,100,295.8,299.8,0.2637
8/26/2025,000852.SH,MO2511-C-7600.CFE,7600,202511,认购,8/18/2025 0:00,11/21/2025 0:00,87,100,267.6,269,0.2701
8/26/2025,000852.SH,MO2511-C-7700.CFE,7700,202511,认购,8/18/2025 0:00,11/21/2025 0:00,87,100,231.2,235.2,0.2687
8/26/2025,000852.SH,MO2511-C-7800.CFE,7800,202511,认购,8/18/2025 0:00,11/21/2025 0:00,87,100,207,207,0.2739
8/26/2025,000852.SH,MO2511-C-7900.CFE,7900,202511,认购,8/18/2025 0:00,11/21/2025 0:00,87,100,181,185.4,0.2754
8/26/2025,000852.SH,MO2511-C-8000.CFE,8000,202511,认购,8/19/2025 0:00,11/21/2025 0:00,87,100,164.2,164.2,0.2822
8/26/2025,000852.SH,MO2511-C-8100.CFE,8100,202511,认购,8/21/2025 0:00,11/21/2025 0:00,87,100,144.4,144.4,0.2845
8/26/2025,000852.SH,MO2511-C-8200.CFE,8200,202511,认购,8/26/2025 0:00,11/21/2025 0:00,87,100,129.6,129.6,0.2894
8/26/2025,000852.SH,MO2511-C-8300.CFE,8300,202511,认购,8/26/2025 0:00,11/21/2025 0:00,87,100,115.6,115.6,0.2933
8/26/2025,000852.SH,MO2511-P-6400.CFE,6400,202511,认沽,8/18/2025 0:00,11/21/2025 0:00,87,100,62.4,62.4,0.2609
8/26/2025,000852.SH,MO2511-P-6500.CFE,6500,202511,认沽,8/18/2025 0:00,11/21/2025 0:00,87,100,78,78,0.259
8/26/2025,000852.SH,MO2511-P-6600.CFE,6600,202511,认沽,8/18/2025 0:00,11/21/2025 0:00,87,100,96.2,96,0.2569
8/26/2025,000852.SH,MO2511-P-6700.CFE,6700,202511,认沽,8/18/2025 0:00,11/21/2025 0:00,87,100,111,118.6,0.2484
8/26/2025,000852.SH,MO2511-P-6800.CFE,6800,202511,认沽,8/18/2025 0:00,11/21/2025 0:00,87,100,146.6,145.4,0.2571
8/26/2025,000852.SH,MO2511-P-6900.CFE,6900,202511,认沽,8/18/2025 0:00,11/21/2025 0:00,87,100,176,176,0.2551
8/26/2025,000852.SH,MO2511-P-7000.CFE,7000,202511,认沽,8/18/2025 0:00,11/21/2025 0:00,87,100,212,212,0.2551
8/26/2025,000852.SH,MO2511-P-7100.CFE,7100,202511,认沽,8/18/2025 0:00,11/21/2025 0:00,87,100,250,254.2,0.2537
8/26/2025,000852.SH,MO2511-P-7200.CFE,7200,202511,认沽,8/18/2025 0:00,11/21/2025 0:00,87,100,298,294.8,0.2564
8/26/2025,000852.SH,MO2511-P-7300.CFE,7300,202511,认沽,8/18/2025 0:00,11/21/2025 0:00,87,100,339.6,351.6,0.2512
8/26/2025,000852.SH,MO2511-P-7400.CFE,7400,202511,认沽,8/18/2025 0:00,11/21/2025 0:00,87,100,395,407.8,0.2528
8/26/2025,000852.SH,MO2511-P-7500.CFE,7500,202511,认沽,8/18/2025 0:00,11/21/2025 0:00,87,100,466,468.6,0.2624
8/26/2025,000852.SH,MO2511-P-7600.CFE,7600,202511,认沽,8/18/2025 0:00,11/21/2025 0:00,87,100,531.6,531.4,0.2631
8/26/2025,000852.SH,MO2511-P-7700.CFE,7700,202511,认沽,8/18/2025 0:00,11/21/2025 0:00,87,100,596.2,602.8,0.2806
8/26/2025,000852.SH,MO2511-P-7800.CFE,7800,202511,认沽,8/18/2025 0:00,11/21/2025 0:00,87,100,742.6,675.6,0
8/26/2025,000852.SH,MO2511-P-7900.CFE,7900,202511,认沽,8/18/2025 0:00,11/21/2025 0:00,87,100,892.8,751.6,0
8/26/2025,000852.SH,MO2511-P-8000.CFE,8000,202511,认沽,8/19/2025 0:00,11/21/2025 0:00,87,100,801.8,830.2,0.2552
8/26/2025,000852.SH,MO2511-P-8100.CFE,8100,202511,认沽,8/21/2025 0:00,11/21/2025 0:00,87,100,1037.4,912,0
8/26/2025,000852.SH,MO2511-P-8200.CFE,8200,202511,认沽,8/26/2025 0:00,11/21/2025 0:00,87,100,1017,994.6,0.3064
8/26/2025,000852.SH,MO2511-P-8300.CFE,8300,202511,认沽,8/26/2025 0:00,11/21/2025 0:00,87,100,1056.6,1078.2,0.303
8/26/2025,000852.SH,MO2512-C-4900.CFE,4900,202512,认购,1/13/2025 0:00,12/19/2025 0:00,115,100,2350,2379.2,0.3042
8/26/2025,000852.SH,MO2512-C-5000.CFE,5000,202512,认购,1/6/2025 0:00,12/19/2025 0:00,115,100,2257,2281,0
8/26/2025,000852.SH,MO2512-C-5200.CFE,5200,202512,认购,1/2/2025 0:00,12/19/2025 0:00,115,100,2095.6,2085.4,0.4107
8/26/2025,000852.SH,MO2512-C-5400.CFE,5400,202512,认购,12/24/2024 0:00,12/19/2025 0:00,115,100,1885.8,1876.2,0.2774
8/26/2025,000852.SH,MO2512-C-5600.CFE,5600,202512,认购,12/23/2024 0:00,12/19/2025 0:00,115,100,1743,1684.2,0.4062
8/26/2025,000852.SH,MO2512-C-5800.CFE,5800,202512,认购,12/23/2024 0:00,12/19/2025 0:00,115,100,1488.8,1497.4,0.2621
8/26/2025,000852.SH,MO2512-C-6000.CFE,6000,202512,认购,12/23/2024 0:00,12/19/2025 0:00,115,100,1298.2,1311.2,0.2639
8/26/2025,000852.SH,MO2512-C-6200.CFE,6200,202512,认购,12/23/2024 0:00,12/19/2025 0:00,115,100,1130,1129.4,0.2681
8/26/2025,000852.SH,MO2512-C-6400.CFE,6400,202512,认购,12/23/2024 0:00,12/19/2025 0:00,115,100,965.4,965.4,0.2641
8/26/2025,000852.SH,MO2512-C-6600.CFE,6600,202512,认购,12/23/2024 0:00,12/19/2025 0:00,115,100,811.6,811.6,0.2602
8/26/2025,000852.SH,MO2512-C-6800.CFE,6800,202512,认购,12/23/2024 0:00,12/19/2025 0:00,115,100,670.2,670.2,0.2561
8/26/2025,000852.SH,MO2512-C-7000.CFE,7000,202512,认购,12/23/2024 0:00,12/19/2025 0:00,115,100,549,549,0.2563
8/26/2025,000852.SH,MO2512-C-7200.CFE,7200,202512,认购,2/24/2025 0:00,12/19/2025 0:00,115,100,438,438,0.2531
8/26/2025,000852.SH,MO2512-C-7400.CFE,7400,202512,认购,3/12/2025 0:00,12/19/2025 0:00,115,100,357.8,357.8,0.2596
8/26/2025,000852.SH,MO2512-C-7600.CFE,7600,202512,认购,7/29/2025 0:00,12/19/2025 0:00,115,100,292.8,292.8,0.2667
8/26/2025,000852.SH,MO2512-C-7800.CFE,7800,202512,认购,8/12/2025 0:00,12/19/2025 0:00,115,100,234.8,234.8,0.2705
8/26/2025,000852.SH,MO2512-C-8000.CFE,8000,202512,认购,8/18/2025 0:00,12/19/2025 0:00,115,100,191.4,191.4,0.2771
8/26/2025,000852.SH,MO2512-C-8200.CFE,8200,202512,认购,8/21/2025 0:00,12/19/2025 0:00,115,100,152.4,154.2,0.2804
8/26/2025,000852.SH,MO2512-C-8400.CFE,8400,202512,认购,8/26/2025 0:00,12/19/2025 0:00,115,100,124.8,125.4,0.287
8/26/2025,000852.SH,MO2512-P-4900.CFE,4900,202512,认沽,1/13/2025 0:00,12/19/2025 0:00,115,100,11.2,11,0.356
8/26/2025,000852.SH,MO2512-P-5000.CFE,5000,202512,认沽,1/6/2025 0:00,12/19/2025 0:00,115,100,10.8,11,0.3381
8/26/2025,000852.SH,MO2512-P-5200.CFE,5200,202512,认沽,1/2/2025 0:00,12/19/2025 0:00,115,100,14.2,14.2,0.3217
8/26/2025,000852.SH,MO2512-P-5400.CFE,5400,202512,认沽,12/24/2024 0:00,12/19/2025 0:00,115,100,19.6,19.6,0.3084
8/26/2025,000852.SH,MO2512-P-5600.CFE,5600,202512,认沽,12/23/2024 0:00,12/19/2025 0:00,115,100,24.8,25.2,0.2902
8/26/2025,000852.SH,MO2512-P-5800.CFE,5800,202512,认沽,12/23/2024 0:00,12/19/2025 0:00,115,100,35.2,35.2,0.2795
8/26/2025,000852.SH,MO2512-P-6000.CFE,6000,202512,认沽,12/23/2024 0:00,12/19/2025 0:00,115,100,49.2,49.2,0.2685
8/26/2025,000852.SH,MO2512-P-6200.CFE,6200,202512,认沽,12/23/2024 0:00,12/19/2025 0:00,115,100,69,69.8,0.2586
8/26/2025,000852.SH,MO2512-P-6400.CFE,6400,202512,认沽,12/23/2024 0:00,12/19/2025 0:00,115,100,100.2,100.2,0.2532
8/26/2025,000852.SH,MO2512-P-6600.CFE,6600,202512,认沽,12/23/2024 0:00,12/19/2025 0:00,115,100,145,145,0.2505
8/26/2025,000852.SH,MO2512-P-6800.CFE,6800,202512,认沽,12/23/2024 0:00,12/19/2025 0:00,115,100,206.8,206.4,0.2505
8/26/2025,000852.SH,MO2512-P-7000.CFE,7000,202512,认沽,12/23/2024 0:00,12/19/2025 0:00,115,100,283.6,283.6,0.2504
8/26/2025,000852.SH,MO2512-P-7200.CFE,7200,202512,认沽,2/24/2025 0:00,12/19/2025 0:00,115,100,380.8,380.8,0.2531
8/26/2025,000852.SH,MO2512-P-7400.CFE,7400,202512,认沽,3/12/2025 0:00,12/19/2025 0:00,115,100,491,491,0.2542
8/26/2025,000852.SH,MO2512-P-7600.CFE,7600,202512,认沽,7/29/2025 0:00,12/19/2025 0:00,115,100,619.8,619,0.2578
8/26/2025,000852.SH,MO2512-P-7800.CFE,7800,202512,认沽,8/12/2025 0:00,12/19/2025 0:00,115,100,754,762.4,0.2564
8/26/2025,000852.SH,MO2512-P-8000.CFE,8000,202512,认沽,8/18/2025 0:00,12/19/2025 0:00,115,100,896.2,914,0.2519
8/26/2025,000852.SH,MO2512-P-8200.CFE,8200,202512,认沽,8/21/2025 0:00,12/19/2025 0:00,115,100,1070.4,1075.4,0.2986
8/26/2025,000852.SH,MO2512-P-8400.CFE,8400,202512,认沽,8/26/2025 0:00,12/19/2025 0:00,115,100,1261.8,1243.8,0.3148
8/26/2025,000852.SH,MO2603-C-4900.CFE,4900,202603,认购,4/8/2025 0:00,3/20/2026 0:00,206,100,2199.2,2225.4,0
8/26/2025,000852.SH,MO2603-C-5000.CFE,5000,202603,认购,4/8/2025 0:00,3/20/2026 0:00,206,100,2151,2107.4,0.2433
8/26/2025,000852.SH,MO2603-C-5200.CFE,5200,202603,认购,4/8/2025 0:00,3/20/2026 0:00,206,100,1937.8,1925.4,0.2705
8/26/2025,000852.SH,MO2603-C-5400.CFE,5400,202603,认购,4/7/2025 0:00,3/20/2026 0:00,206,100,1763,1740.6,0.2701
8/26/2025,000852.SH,MO2603-C-5600.CFE,5600,202603,认购,3/24/2025 0:00,3/20/2026 0:00,206,100,1569.6,1569.6,0.2565
8/26/2025,000852.SH,MO2603-C-5800.CFE,5800,202603,认购,3/24/2025 0:00,3/20/2026 0:00,206,100,1385.2,1385.2,0.2425
8/26/2025,000852.SH,MO2603-C-6000.CFE,6000,202603,认购,3/24/2025 0:00,3/20/2026 0:00,206,100,1224.4,1226.6,0.2453
8/26/2025,000852.SH,MO2603-C-6200.CFE,6200,202603,认购,3/24/2025 0:00,3/20/2026 0:00,206,100,1073.2,1072.2,0.2469
8/26/2025,000852.SH,MO2603-C-6400.CFE,6400,202603,认购,3/24/2025 0:00,3/20/2026 0:00,206,100,925.2,925.2,0.2433
8/26/2025,000852.SH,MO2603-C-6600.CFE,6600,202603,认购,3/24/2025 0:00,3/20/2026 0:00,206,100,801,800.2,0.2469
8/26/2025,000852.SH,MO2603-C-6800.CFE,6800,202603,认购,3/24/2025 0:00,3/20/2026 0:00,206,100,689,689,0.2498
8/26/2025,000852.SH,MO2603-C-7000.CFE,7000,202603,认购,3/24/2025 0:00,3/20/2026 0:00,206,100,591.8,591.8,0.2543
8/26/2025,000852.SH,MO2603-C-7200.CFE,7200,202603,认购,3/24/2025 0:00,3/20/2026 0:00,206,100,504.6,504.6,0.2564
8/26/2025,000852.SH,MO2603-C-7400.CFE,7400,202603,认购,7/21/2025 0:00,3/20/2026 0:00,206,100,433.4,433.4,0.2614
8/26/2025,000852.SH,MO2603-C-7600.CFE,7600,202603,认购,7/29/2025 0:00,3/20/2026 0:00,206,100,371,371,0.2656
8/26/2025,000852.SH,MO2603-C-7800.CFE,7800,202603,认购,8/12/2025 0:00,3/20/2026 0:00,206,100,308.6,316.4,0.2653
8/26/2025,000852.SH,MO2603-C-8000.CFE,8000,202603,认购,8/18/2025 0:00,3/20/2026 0:00,206,100,270.4,270.4,0.2732
8/26/2025,000852.SH,MO2603-C-8200.CFE,8200,202603,认购,8/21/2025 0:00,3/20/2026 0:00,206,100,233.4,233.4,0.2783
8/26/2025,000852.SH,MO2603-C-8400.CFE,8400,202603,认购,8/26/2025 0:00,3/20/2026 0:00,206,100,202.6,202.6,0.2836
8/26/2025,000852.SH,MO2603-P-4900.CFE,4900,202603,认沽,4/8/2025 0:00,3/20/2026 0:00,206,100,22,22,0.2903
8/26/2025,000852.SH,MO2603-P-5000.CFE,5000,202603,认沽,4/8/2025 0:00,3/20/2026 0:00,206,100,24.6,24.6,0.2831
8/26/2025,000852.SH,MO2603-P-5200.CFE,5200,202603,认沽,4/8/2025 0:00,3/20/2026 0:00,206,100,35.8,33.8,0.2782
8/26/2025,000852.SH,MO2603-P-5400.CFE,5400,202603,认沽,4/7/2025 0:00,3/20/2026 0:00,206,100,47,47.4,0.2678
8/26/2025,000852.SH,MO2603-P-5600.CFE,5600,202603,认沽,3/24/2025 0:00,3/20/2026 0:00,206,100,67.4,67.4,0.2646
8/26/2025,000852.SH,MO2603-P-5800.CFE,5800,202603,认沽,3/24/2025 0:00,3/20/2026 0:00,206,100,90,91.6,0.2575
8/26/2025,000852.SH,MO2603-P-6000.CFE,6000,202603,认沽,3/24/2025 0:00,3/20/2026 0:00,206,100,122.4,122,0.2534
8/26/2025,000852.SH,MO2603-P-6200.CFE,6200,202603,认沽,3/24/2025 0:00,3/20/2026 0:00,206,100,164.2,164.2,0.2501
8/26/2025,000852.SH,MO2603-P-6400.CFE,6400,202603,认沽,3/24/2025 0:00,3/20/2026 0:00,206,100,220.8,220.8,0.2493
8/26/2025,000852.SH,MO2603-P-6600.CFE,6600,202603,认沽,3/24/2025 0:00,3/20/2026 0:00,206,100,293.4,286.4,0.2519
8/26/2025,000852.SH,MO2603-P-6800.CFE,6800,202603,认沽,3/24/2025 0:00,3/20/2026 0:00,206,100,378,375.4,0.2535
8/26/2025,000852.SH,MO2603-P-7000.CFE,7000,202603,认沽,3/24/2025 0:00,3/20/2026 0:00,206,100,472,472,0.2537
8/26/2025,000852.SH,MO2603-P-7200.CFE,7200,202603,认沽,3/24/2025 0:00,3/20/2026 0:00,206,100,583.2,583.2,0.2564
8/26/2025,000852.SH,MO2603-P-7400.CFE,7400,202603,认沽,7/21/2025 0:00,3/20/2026 0:00,206,100,710.8,710.8,0.2615
8/26/2025,000852.SH,MO2603-P-7600.CFE,7600,202603,认沽,7/29/2025 0:00,3/20/2026 0:00,206,100,847,847,0.2658
8/26/2025,000852.SH,MO2603-P-7800.CFE,7800,202603,认沽,8/12/2025 0:00,3/20/2026 0:00,206,100,973.8,990.4,0.2608
8/26/2025,000852.SH,MO2603-P-8000.CFE,8000,202603,认沽,8/18/2025 0:00,3/20/2026 0:00,206,100,1155.2,1144,0.2843
8/26/2025,000852.SH,MO2603-P-8200.CFE,8200,202603,认沽,8/21/2025 0:00,3/20/2026 0:00,206,100,1299.6,1299.6,0.2746
8/26/2025,000852.SH,MO2603-P-8400.CFE,8400,202603,认沽,8/26/2025 0:00,3/20/2026 0:00,206,100,1457.6,1469,0.2749
8/26/2025,000852.SH,MO2606-C-5200.CFE,5200,202606,认购,6/23/2025 0:00,6/19/2026 0:00,297,100,1880.8,1837.2,0.2952
8/26/2025,000852.SH,MO2606-C-5400.CFE,5400,202606,认购,6/23/2025 0:00,6/19/2026 0:00,297,100,1694.8,1658.2,0.2767
8/26/2025,000852.SH,MO2606-C-5600.CFE,5600,202606,认购,6/23/2025 0:00,6/19/2026 0:00,297,100,1525.4,1492.6,0.2456
8/26/2025,000852.SH,MO2606-C-5800.CFE,5800,202606,认购,6/23/2025 0:00,6/19/2026 0:00,297,100,1367.6,1334.8,0.2503
8/26/2025,000852.SH,MO2606-C-6000.CFE,6000,202606,认购,6/23/2025 0:00,6/19/2026 0:00,297,100,1240,1190.8,0.253
8/26/2025,000852.SH,MO2606-C-6200.CFE,6200,202606,认购,6/23/2025 0:00,6/19/2026 0:00,297,100,1051.4,1055.4,0.247
8/26/2025,000852.SH,MO2606-C-6400.CFE,6400,202606,认购,6/23/2025 0:00,6/19/2026 0:00,297,100,947.6,934,0.2515
8/26/2025,000852.SH,MO2606-C-6600.CFE,6600,202606,认购,6/23/2025 0:00,6/19/2026 0:00,297,100,852,823.2,0.2525
8/26/2025,000852.SH,MO2606-C-6800.CFE,6800,202606,认购,6/24/2025 0:00,6/19/2026 0:00,297,100,718,722.8,0.2518
8/26/2025,000852.SH,MO2606-C-7000.CFE,7000,202606,认购,6/25/2025 0:00,6/19/2026 0:00,297,100,636.8,635,0.2567
8/26/2025,000852.SH,MO2606-C-7200.CFE,7200,202606,认购,7/2/2025 0:00,6/19/2026 0:00,297,100,558.2,558.2,0.2591
8/26/2025,000852.SH,MO2606-C-7400.CFE,7400,202606,认购,7/21/2025 0:00,6/19/2026 0:00,297,100,491.8,491.8,0.2628
8/26/2025,000852.SH,MO2606-C-7600.CFE,7600,202606,认购,7/29/2025 0:00,6/19/2026 0:00,297,100,439,439,0.2688
8/26/2025,000852.SH,MO2606-C-7800.CFE,7800,202606,认购,8/12/2025 0:00,6/19/2026 0:00,297,100,387.2,387.2,0.2712
8/26/2025,000852.SH,MO2606-C-8000.CFE,8000,202606,认购,8/18/2025 0:00,6/19/2026 0:00,297,100,339.8,345.8,0.2744
8/26/2025,000852.SH,MO2606-C-8200.CFE,8200,202606,认购,8/21/2025 0:00,6/19/2026 0:00,297,100,306,306,0.2807
8/26/2025,000852.SH,MO2606-C-8400.CFE,8400,202606,认购,8/26/2025 0:00,6/19/2026 0:00,297,100,271.6,271.6,0.2842
8/26/2025,000852.SH,MO2606-P-5200.CFE,5200,202606,认沽,6/23/2025 0:00,6/19/2026 0:00,297,100,69.6,69.6,0.2604
8/26/2025,000852.SH,MO2606-P-5400.CFE,5400,202606,认沽,6/23/2025 0:00,6/19/2026 0:00,297,100,93.8,94.4,0.2566
8/26/2025,000852.SH,MO2606-P-5600.CFE,5600,202606,认沽,6/23/2025 0:00,6/19/2026 0:00,297,100,120.4,124.6,0.2502
8/26/2025,000852.SH,MO2606-P-5800.CFE,5800,202606,认沽,6/23/2025 0:00,6/19/2026 0:00,297,100,160.8,160.8,0.2489
8/26/2025,000852.SH,MO2606-P-6000.CFE,6000,202606,认沽,6/23/2025 0:00,6/19/2026 0:00,297,100,212.8,209.4,0.2497
8/26/2025,000852.SH,MO2606-P-6200.CFE,6200,202606,认沽,6/23/2025 0:00,6/19/2026 0:00,297,100,275,270.4,0.2501
8/26/2025,000852.SH,MO2606-P-6400.CFE,6400,202606,认沽,6/23/2025 0:00,6/19/2026 0:00,297,100,349.4,349.4,0.2507
8/26/2025,000852.SH,MO2606-P-6600.CFE,6600,202606,认沽,6/23/2025 0:00,6/19/2026 0:00,297,100,433.4,430.6,0.2514
8/26/2025,000852.SH,MO2606-P-6800.CFE,6800,202606,认沽,6/24/2025 0:00,6/19/2026 0:00,297,100,532.6,530.6,0.2539
8/26/2025,000852.SH,MO2606-P-7000.CFE,7000,202606,认沽,6/25/2025 0:00,6/19/2026 0:00,297,100,638.4,638.4,0.2552
8/26/2025,000852.SH,MO2606-P-7200.CFE,7200,202606,认沽,7/2/2025 0:00,6/19/2026 0:00,297,100,749.8,763.8,0.2641
8/26/2025,000852.SH,MO2606-P-7400.CFE,7400,202606,认沽,7/21/2025 0:00,6/19/2026 0:00,297,100,884.2,886.6,0.2592
8/26/2025,000852.SH,MO2606-P-7600.CFE,7600,202606,认沽,7/29/2025 0:00,6/19/2026 0:00,297,100,1022.2,1022.2,0.2622
8/26/2025,000852.SH,MO2606-P-7800.CFE,7800,202606,认沽,8/12/2025 0:00,6/19/2026 0:00,297,100,1150.8,1171.6,0.2707
8/26/2025,000852.SH,MO2606-P-8000.CFE,8000,202606,认沽,8/18/2025 0:00,6/19/2026 0:00,297,100,1320,1324.6,0.2683
8/26/2025,000852.SH,MO2606-P-8200.CFE,8200,202606,认沽,8/21/2025 0:00,6/19/2026 0:00,297,100,1448.2,1482.2,0.2574
8/26/2025,000852.SH,MO2606-P-8400.CFE,8400,202606,认沽,8/26/2025 0:00,6/19/2026 0:00,297,100,1656.8,1634.6,0.2818
